EmployeeID,Age,Department,JobRole,Gender,MaritalStatus,Education,YearsAtCompany,DistanceFromHome_km,MonthlyIncome,JobSatisfaction,WorkLifeBalance,OverTime,PerformanceRating,Attrition
1001,31,IT,Software Engineer,Female,Married,Bachelor's,1,23,59439,2,1,No,1,Yes
1002,25,R&D,Lab Technician,Male,Married,High School,11,5,43526,2,2,No,1,No
1003,43,Finance,Financial Analyst,Male,Single,Bachelor's,8,3,40831,2,2,Yes,4,Yes
1004,41,Finance,Accountant,Male,Married,Master's,13,23,29742,2,1,No,1,No
1005,38,IT,Software Engineer,Female,Single,Bachelor's,17,21,68726,2,2,No,3,No
1006,45,R&D,Lab Technician,Female,Single,Master's,9,26,78183,2,3,No,1,No
1007,40,Sales,Sales Executive,Female,Single,PhD,17,27,50450,3,2,No,4,No
1008,50,R&D,Lab Technician,Male,Single,Bachelor's,17,25,34697,2,1,No,1,No
1009,33,HR,HR Manager,Female,Married,High School,8,11,36443,2,1,Yes,2,Yes
1010,44,HR,HR Manager,Female,Married,PhD,7,21,68514,3,4,No,1,No
1011,55,Sales,Sales Executive,Male,Married,Bachelor's,12,20,59089,4,2,Yes,4,No
1012,43,IT,IT Support,Male,Married,Bachelor's,7,12,36287,4,3,No,2,No
1013,27,Sales,Sales Executive,Female,Single,Bachelor's,2,29,47210,4,1,No,3,No
1014,49,IT,Software Engineer,Male,Single,Master's,12,4,66437,4,4,No,4,No
1015,42,Sales,Sales Manager,Male,Married,Master's,16,3,58481,4,2,Yes,1,No
1016,23,Finance,Financial Analyst,Male,Married,Bachelor's,1,22,40943,2,2,No,2,Yes
1017,39,HR,HR Manager,Female,Single,Bachelor's,14,16,47860,4,4,No,1,No
1018,25,Finance,Financial Analyst,Female,Single,Master's,16,4,54705,1,3,Yes,2,Yes
1019,44,IT,IT Support,Male,Single,Bachelor's,15,6,43594,3,3,No,2,No
1020,29,IT,Software Engineer,Male,Divorced,Master's,8,10,56294,3,2,No,4,No
1021,34,Operations,Supervisor,Male,Single,High School,2,29,23336,2,4,No,3,No
1022,50,Sales,Sales Manager,Female,Single,Bachelor's,10,9,65263,1,1,No,3,No
1023,47,Sales,Sales Manager,Male,Married,High School,3,21,55634,1,3,Yes,3,No
1024,35,Operations,Supervisor,Male,Married,Bachelor's,19,16,49298,2,4,Yes,1,No
1025,48,Sales,Sales Manager,Female,Single,Master's,2,24,15000,3,1,Yes,4,No
1026,39,Finance,Accountant,Female,Married,Master's,8,25,70724,1,2,No,2,Yes
1027,29,Operations,Supervisor,Female,Single,Bachelor's,3,19,30271,3,2,No,2,No
1028,33,Sales,Sales Manager,Male,Single,Master's,18,10,59717,4,3,No,1,No
1029,39,HR,HR Executive,Female,Single,Bachelor's,4,14,69579,3,2,Yes,2,No
1030,24,Sales,Sales Manager,Male,Single,Bachelor's,5,7,73075,1,1,Yes,3,Yes
1031,40,R&D,Research Scientist,Male,Single,Bachelor's,5,29,40060,1,1,Yes,3,Yes
1032,36,IT,Software Engineer,Male,Married,Master's,2,18,42129,2,2,No,4,No
1033,38,R&D,Research Scientist,Female,Single,High School,1,28,49228,2,4,Yes,1,Yes
1034,21,Finance,Financial Analyst,Male,Single,Bachelor's,10,25,30053,4,1,No,4,No
1035,52,Finance,Financial Analyst,Male,Single,High School,8,12,26417,4,3,Yes,3,No
1036,28,Sales,Sales Manager,Male,Single,Bachelor's,12,12,80657,4,4,No,3,No
1037,44,Finance,Financial Analyst,Female,Married,Bachelor's,11,29,51244,3,4,No,2,No
1038,47,Sales,Sales Executive,Female,Single,Bachelor's,19,18,48282,3,4,No,1,No
1039,50,R&D,Research Scientist,Female,Single,Master's,8,25,30958,3,1,No,3,No
1040,56,Sales,Sales Executive,Male,Married,Master's,19,10,58738,4,3,No,4,No
1041,29,Sales,Sales Executive,Female,Married,Master's,5,3,46269,2,4,No,1,No
1042,31,Operations,Supervisor,Male,Married,Master's,8,23,41484,1,2,No,4,Yes
1043,40,IT,IT Support,Male,Married,Master's,14,16,45880,3,3,No,1,No
1044,23,IT,IT Support,Female,Married,Bachelor's,18,1,33318,4,3,Yes,4,No
1045,39,IT,IT Support,Male,Married,Master's,17,22,65118,4,2,No,3,No
1046,43,HR,HR Executive,Male,Married,Bachelor's,14,28,23135,3,2,No,4,No
1047,53,R&D,Lab Technician,Male,Single,Bachelor's,17,8,46791,2,1,No,4,No
1048,52,Finance,Financial Analyst,Female,Single,Master's,12,21,64566,3,2,No,4,No
1049,57,Sales,Sales Manager,Male,Divorced,Bachelor's,6,11,64507,4,1,No,2,No
1050,44,Operations,Supervisor,Female,Single,Bachelor's,13,2,52394,1,2,No,3,No
1051,41,IT,Software Engineer,Male,Married,High School,8,22,61678,3,3,No,3,No
1052,46,Sales,Sales Executive,Male,Single,Bachelor's,17,9,23330,4,1,No,3,No
1053,24,Operations,Supervisor,Female,Married,Master's,9,3,41934,2,4,No,1,No
1054,33,IT,IT Support,Female,Married,Bachelor's,5,25,37917,3,3,No,1,No
1055,24,Finance,Financial Analyst,Female,Single,Master's,15,5,53696,2,4,No,4,No
1056,28,R&D,Lab Technician,Female,Divorced,High School,14,1,44578,4,2,Yes,3,No
1057,48,Finance,Accountant,Male,Married,Bachelor's,13,20,52787,3,2,No,4,No
1058,37,Finance,Financial Analyst,Male,Divorced,Bachelor's,19,2,34525,2,1,Yes,2,Yes
1059,32,Finance,Accountant,Female,Married,Master's,12,21,42730,1,4,No,1,No
1060,52,R&D,Research Scientist,Male,Single,Bachelor's,2,27,68339,3,1,No,2,No
1061,37,Finance,Accountant,Female,Single,Bachelor's,9,5,39938,4,4,No,4,No
1062,25,Finance,Financial Analyst,Male,Married,Bachelor's,5,3,39262,3,3,No,3,No
1063,24,IT,IT Support,Male,Married,Bachelor's,10,9,58669,2,4,Yes,4,Yes
1064,47,Finance,Financial Analyst,Female,Single,High School,13,24,22330,2,1,Yes,2,Yes
1065,35,R&D,Research Scientist,Male,Married,Bachelor's,0,26,55394,2,4,Yes,2,Yes
1066,40,Finance,Financial Analyst,Male,Single,Master's,3,6,26079,1,4,No,3,No
1067,45,R&D,Research Scientist,Female,Divorced,High School,6,16,36243,2,3,No,3,No
1068,24,Operations,Operations Executive,Male,Married,High School,14,24,52023,1,4,No,4,No
1069,33,R&D,Lab Technician,Male,Divorced,Bachelor's,13,14,47297,2,1,No,3,No
1070,38,Operations,Operations Executive,Male,Married,Bachelor's,16,3,60932,3,4,No,1,No
1071,27,R&D,Research Scientist,Female,Single,Bachelor's,11,17,25932,1,3,No,4,No
1072,30,HR,HR Executive,Male,Married,Bachelor's,3,22,54174,3,3,No,2,No
1073,48,Finance,Accountant,Male,Married,Master's,4,26,45710,4,1,No,4,No
1074,34,HR,HR Executive,Female,Married,Bachelor's,10,1,47607,2,4,No,1,No
1075,36,HR,HR Executive,Male,Single,Bachelor's,18,9,55431,1,2,No,4,No
1076,36,Operations,Operations Executive,Male,Married,Master's,1,29,45336,3,1,Yes,1,Yes
1077,55,Finance,Accountant,Female,Single,Bachelor's,10,11,32139,3,3,No,2,No
1078,34,Finance,Financial Analyst,Male,Married,Master's,4,18,55334,4,1,No,1,No
1079,25,HR,HR Manager,Male,Divorced,Bachelor's,7,6,62970,1,1,No,1,No
1080,51,Sales,Sales Manager,Male,Married,Bachelor's,10,16,71870,4,1,No,3,No
1081,38,IT,Software Engineer,Female,Married,Bachelor's,8,28,39320,4,3,Yes,3,No
1082,26,Operations,Supervisor,Female,Divorced,Bachelor's,18,15,50426,4,2,No,1,No
1083,33,Finance,Financial Analyst,Female,Married,PhD,19,22,18896,1,1,No,3,No
1084,42,R&D,Lab Technician,Male,Divorced,Master's,9,4,31632,3,2,No,3,No
1085,30,R&D,Research Scientist,Male,Married,High School,8,7,20335,3,1,No,4,No
1086,51,IT,Software Engineer,Female,Divorced,Bachelor's,2,5,48450,4,2,Yes,4,No
1087,24,Finance,Financial Analyst,Female,Single,Bachelor's,3,9,44673,2,3,Yes,3,No
1088,57,IT,Software Engineer,Female,Married,Master's,5,17,63696,1,2,No,3,No
1089,41,IT,Software Engineer,Female,Single,Bachelor's,16,16,36577,4,2,No,4,No
1090,52,Operations,Supervisor,Male,Married,Bachelor's,9,8,46793,3,4,No,2,No
1091,51,IT,IT Support,Female,Married,Bachelor's,5,23,42180,3,1,Yes,3,No
1092,33,Finance,Accountant,Female,Single,Bachelor's,4,14,57249,1,2,Yes,3,No
1093,25,Finance,Accountant,Male,Married,Bachelor's,7,13,31178,4,3,Yes,2,No
1094,48,Sales,Sales Manager,Female,Single,Bachelor's,2,24,55514,2,3,Yes,2,No
1095,25,IT,IT Support,Male,Married,Bachelor's,13,24,66419,3,3,Yes,4,No
1096,41,Finance,Accountant,Male,Single,Bachelor's,18,17,45233,2,2,No,2,No
1097,25,Sales,Sales Manager,Female,Married,Bachelor's,4,7,26798,1,3,No,2,No
1098,32,HR,HR Manager,Male,Single,Master's,12,27,27706,3,4,Yes,4,No
1099,29,HR,HR Manager,Female,Married,Bachelor's,12,12,28398,1,2,Yes,1,Yes
1100,24,Finance,Accountant,Female,Single,Bachelor's,5,7,53365,2,1,No,1,No
1101,51,Operations,Supervisor,Female,Married,Bachelor's,17,6,64706,2,4,Yes,4,Yes
1102,28,HR,HR Executive,Male,Single,High School,18,20,75576,2,1,No,4,No
1103,50,Finance,Accountant,Male,Married,Master's,0,16,39964,3,2,No,1,No
1104,38,Operations,Supervisor,Female,Married,Bachelor's,8,28,54666,2,4,No,1,No
1105,57,IT,Software Engineer,Male,Single,High School,0,4,41255,4,2,No,3,No
1106,39,IT,Software Engineer,Female,Single,Bachelor's,17,13,26128,3,2,No,3,No
1107,30,Operations,Operations Executive,Male,Single,Bachelor's,4,20,29249,4,3,No,4,No
1108,39,Sales,Sales Manager,Female,Married,Bachelor's,11,7,47823,3,3,No,1,No
1109,21,Operations,Supervisor,Female,Single,High School,14,28,21451,3,1,No,3,No
1110,52,Operations,Operations Executive,Female,Married,Bachelor's,19,12,33150,2,2,Yes,2,No
1111,54,IT,Software Engineer,Female,Single,Bachelor's,18,16,24598,4,2,Yes,1,Yes
1112,35,Finance,Accountant,Female,Married,Bachelor's,3,19,23252,3,1,No,2,No
1113,26,R&D,Research Scientist,Female,Single,Bachelor's,6,29,32761,1,2,No,2,No
1114,33,HR,HR Executive,Male,Divorced,Master's,12,21,25497,3,2,No,4,No
1115,31,Operations,Operations Executive,Female,Married,Bachelor's,1,11,52751,1,1,Yes,2,Yes
1116,49,IT,IT Support,Female,Single,Bachelor's,10,7,59778,2,2,No,1,No
1117,53,IT,IT Support,Male,Married,Bachelor's,8,1,71307,2,2,No,2,No
1118,26,R&D,Research Scientist,Male,Divorced,Bachelor's,1,8,74189,3,4,No,2,No
1119,57,R&D,Lab Technician,Male,Single,Bachelor's,11,18,78264,1,2,No,2,No
1120,49,Operations,Supervisor,Female,Single,Bachelor's,19,4,56455,3,1,No,1,No
1121,54,HR,HR Executive,Female,Married,High School,11,11,19573,2,2,No,4,No
1122,52,Sales,Sales Executive,Male,Married,Bachelor's,2,21,38216,2,2,No,4,Yes
1123,39,IT,IT Support,Male,Single,Bachelor's,6,27,57190,2,1,No,3,No
1124,24,HR,HR Manager,Male,Divorced,Bachelor's,13,9,42023,4,1,No,3,No
1125,37,IT,Software Engineer,Female,Single,Bachelor's,2,9,32399,4,4,No,4,No
1126,42,Sales,Sales Executive,Male,Married,Master's,6,9,40775,2,1,No,3,No
1127,49,HR,HR Manager,Male,Married,High School,11,19,51748,3,1,No,3,No
1128,46,Finance,Financial Analyst,Male,Single,Bachelor's,7,10,48463,2,4,Yes,1,No
1129,24,HR,HR Executive,Male,Married,Master's,4,7,48504,3,3,No,2,No
1130,42,IT,IT Support,Female,Married,High School,3,11,29926,3,2,No,1,No
1131,27,R&D,Research Scientist,Female,Married,Bachelor's,5,20,15000,3,1,Yes,2,No
1132,40,Operations,Supervisor,Female,Married,Master's,9,9,42979,1,1,No,4,No
1133,23,HR,HR Executive,Male,Single,High School,3,26,28114,2,4,No,3,No
1134,21,R&D,Research Scientist,Female,Married,PhD,16,20,26343,1,4,No,1,No
1135,37,Operations,Operations Executive,Male,Single,Bachelor's,4,20,36937,1,4,No,3,No
1136,48,R&D,Research Scientist,Female,Divorced,Bachelor's,8,23,34970,4,4,Yes,2,No
1137,37,IT,IT Support,Male,Married,Master's,4,11,38175,1,2,Yes,3,No
1138,57,R&D,Research Scientist,Male,Single,Master's,17,21,30405,4,1,Yes,2,No
1139,38,Sales,Sales Manager,Female,Single,Bachelor's,5,28,49531,2,1,Yes,4,Yes
1140,40,IT,Software Engineer,Female,Married,High School,5,25,52653,1,2,No,3,Yes
1141,27,Operations,Operations Executive,Female,Married,High School,2,23,64712,4,4,No,2,No
1142,29,R&D,Research Scientist,Female,Married,High School,19,7,53382,3,2,Yes,1,No
1143,52,Operations,Supervisor,Male,Married,Bachelor's,8,12,30797,4,2,No,2,No
1144,22,IT,Software Engineer,Male,Married,Bachelor's,15,2,36272,4,2,No,3,No
1145,32,Finance,Financial Analyst,Female,Single,Bachelor's,18,11,42498,3,3,Yes,2,No
1146,40,IT,IT Support,Male,Married,Bachelor's,8,11,38257,2,3,Yes,2,No
1147,54,R&D,Research Scientist,Female,Married,Bachelor's,6,3,33305,1,3,Yes,4,Yes
1148,41,Finance,Financial Analyst,Male,Single,Bachelor's,8,21,15000,4,2,No,3,No
1149,44,Sales,Sales Executive,Female,Married,High School,12,2,44990,2,4,Yes,2,No
1150,56,R&D,Research Scientist,Male,Single,Bachelor's,1,15,35700,2,1,Yes,1,Yes
1151,36,Operations,Operations Executive,Male,Single,Master's,2,8,41341,1,2,No,3,No
1152,50,Operations,Supervisor,Male,Married,Master's,4,29,43734,1,2,Yes,3,Yes
1153,24,Finance,Accountant,Female,Single,Master's,5,21,39783,1,2,Yes,3,Yes
1154,50,IT,IT Support,Female,Married,Master's,13,22,40076,2,4,No,3,No
1155,45,Sales,Sales Manager,Male,Divorced,Bachelor's,9,10,58614,3,3,Yes,4,No
1156,30,Finance,Financial Analyst,Female,Married,Bachelor's,16,16,53211,2,4,No,1,No
1157,42,R&D,Research Scientist,Female,Married,Master's,8,26,40485,2,4,Yes,4,Yes
1158,31,IT,IT Support,Female,Single,Bachelor's,15,17,50218,4,3,No,2,No
1159,32,IT,IT Support,Female,Married,Master's,13,18,38464,4,1,No,2,No
1160,31,Operations,Supervisor,Female,Single,Bachelor's,6,10,54635,3,1,Yes,3,No
1161,52,IT,IT Support,Female,Married,Bachelor's,1,28,25720,3,4,No,4,No
1162,23,Operations,Supervisor,Male,Divorced,Master's,11,23,62079,4,4,No,3,No
1163,25,HR,HR Manager,Female,Divorced,Bachelor's,9,1,53212,1,2,No,3,No
1164,34,R&D,Research Scientist,Male,Married,High School,11,2,52724,4,2,No,2,No
1165,45,Finance,Accountant,Female,Married,Bachelor's,11,27,50544,2,2,No,1,Yes
1166,46,Finance,Accountant,Female,Married,Bachelor's,8,2,55157,4,4,No,3,No
1167,27,HR,HR Manager,Male,Married,Master's,1,29,70839,4,3,No,2,No
1168,54,IT,Software Engineer,Female,Divorced,Bachelor's,11,24,44392,3,4,No,4,No
1169,40,Sales,Sales Manager,Female,Single,High School,17,22,78329,4,3,No,4,No
1170,50,Operations,Operations Executive,Female,Single,Bachelor's,17,24,29046,4,4,No,3,No
1171,38,Finance,Accountant,Male,Married,Master's,2,15,57135,1,4,No,2,No
1172,22,Operations,Operations Executive,Female,Married,PhD,0,20,15000,4,2,No,2,No
1173,33,Sales,Sales Executive,Female,Divorced,Bachelor's,5,21,59733,1,1,Yes,4,Yes
1174,39,Operations,Supervisor,Male,Married,Bachelor's,4,18,56807,2,1,No,1,No
1175,37,R&D,Lab Technician,Female,Married,Master's,3,23,61814,2,4,No,1,No
1176,31,Operations,Supervisor,Male,Single,PhD,4,2,58493,1,2,No,1,No
1177,22,Sales,Sales Manager,Female,Single,Bachelor's,3,25,38814,3,2,No,1,No
1178,49,IT,Software Engineer,Female,Single,Bachelor's,1,29,58697,1,2,Yes,4,Yes
1179,39,Finance,Financial Analyst,Male,Married,Master's,8,12,55535,4,1,No,1,No
1180,24,Operations,Operations Executive,Male,Single,PhD,1,13,66880,1,3,No,4,No
1181,56,R&D,Lab Technician,Female,Married,Bachelor's,11,20,43355,3,3,No,3,No
1182,44,HR,HR Executive,Male,Divorced,Master's,6,4,66562,3,3,No,3,No
1183,46,Sales,Sales Manager,Male,Married,High School,16,27,62124,1,3,Yes,2,Yes
1184,45,HR,HR Manager,Male,Married,Bachelor's,14,17,34075,4,3,No,3,No
1185,25,Sales,Sales Manager,Male,Married,Master's,12,5,32804,3,1,No,2,No
1186,22,HR,HR Executive,Male,Married,Bachelor's,14,24,57855,2,2,No,1,No
1187,28,R&D,Lab Technician,Female,Married,Master's,5,9,58429,2,4,No,2,No
1188,40,R&D,Lab Technician,Male,Divorced,Master's,4,7,64679,4,4,Yes,2,No
1189,48,Operations,Supervisor,Male,Single,Master's,9,18,47467,4,4,No,1,No
1190,30,Operations,Operations Executive,Female,Married,Bachelor's,14,12,56763,1,4,Yes,1,Yes
1191,48,Finance,Financial Analyst,Male,Married,Master's,18,1,83806,4,2,Yes,1,No
1192,40,R&D,Research Scientist,Female,Divorced,Bachelor's,2,28,45044,4,1,No,4,No
1193,29,Sales,Sales Executive,Female,Married,Master's,3,9,53918,1,4,No,1,No
1194,34,Sales,Sales Executive,Male,Married,Bachelor's,15,13,38097,3,3,No,2,No
1195,37,R&D,Research Scientist,Male,Married,Master's,14,29,66090,1,2,No,4,No
1196,35,R&D,Lab Technician,Male,Married,Bachelor's,2,15,52533,3,4,Yes,2,No
1197,30,R&D,Lab Technician,Male,Single,Master's,1,18,41278,2,2,No,1,No
1198,35,Operations,Supervisor,Male,Married,PhD,3,26,44649,2,4,Yes,1,Yes
1199,48,Finance,Financial Analyst,Female,Married,Master's,8,20,40902,1,2,No,1,No
1200,48,HR,HR Manager,Female,Married,PhD,0,5,40878,1,1,No,1,No
1201,39,Sales,Sales Manager,Male,Divorced,Bachelor's,17,24,39074,1,1,No,4,No
1202,44,Operations,Operations Executive,Male,Married,Bachelor's,12,13,53816,3,2,No,3,No
1203,43,HR,HR Executive,Male,Divorced,Bachelor's,14,19,32983,1,1,No,4,No
1204,53,HR,HR Executive,Female,Married,Bachelor's,12,25,61988,1,4,Yes,4,No
1205,55,IT,Software Engineer,Male,Single,Bachelor's,7,14,47989,2,4,No,2,No
1206,53,HR,HR Executive,Male,Married,High School,17,28,47428,4,3,No,1,No
1207,28,Finance,Accountant,Female,Married,Bachelor's,14,22,47640,2,3,No,3,No
1208,50,IT,Software Engineer,Female,Married,High School,8,10,51150,2,2,Yes,2,Yes
1209,31,Sales,Sales Executive,Female,Married,Master's,9,28,26224,3,4,No,3,No
1210,45,R&D,Lab Technician,Male,Married,Master's,7,26,49229,4,4,Yes,1,No
1211,56,IT,IT Support,Male,Married,Bachelor's,6,10,39213,4,1,No,3,No
1212,40,R&D,Research Scientist,Female,Single,Bachelor's,18,12,81442,4,4,No,2,No
1213,32,IT,IT Support,Male,Single,PhD,12,18,58110,4,3,No,1,No
1214,21,Finance,Accountant,Female,Single,High School,5,8,49337,3,4,No,4,No
1215,51,HR,HR Executive,Female,Divorced,Master's,11,23,47030,1,4,No,4,No
1216,51,IT,Software Engineer,Female,Married,Master's,3,12,81437,1,4,No,3,No
1217,32,R&D,Research Scientist,Female,Divorced,Master's,12,22,15000,2,3,No,4,No
1218,51,Sales,Sales Manager,Female,Married,Bachelor's,4,24,50002,2,2,Yes,1,Yes
1219,46,HR,HR Manager,Female,Single,Bachelor's,17,1,47510,3,4,Yes,3,No
1220,53,IT,Software Engineer,Female,Single,High School,1,11,24131,2,3,No,1,No
1221,40,Sales,Sales Executive,Male,Married,Master's,3,29,62234,4,4,No,2,No
1222,54,Sales,Sales Executive,Male,Married,Bachelor's,13,24,47719,1,2,No,3,Yes
1223,27,IT,Software Engineer,Male,Single,PhD,2,7,95032,4,3,Yes,4,No
1224,40,R&D,Lab Technician,Male,Married,Master's,6,5,41490,4,4,No,2,No
1225,47,Sales,Sales Executive,Female,Married,Master's,1,9,69032,2,1,Yes,2,Yes
1226,51,HR,HR Manager,Female,Married,Bachelor's,18,21,34165,2,2,No,4,No
1227,21,Sales,Sales Manager,Male,Married,Bachelor's,4,12,60564,3,1,Yes,1,Yes
1228,36,Finance,Financial Analyst,Male,Single,Bachelor's,13,9,71574,3,3,No,1,No
1229,31,Operations,Operations Executive,Male,Married,Master's,4,20,53923,1,1,No,3,No
1230,42,Operations,Supervisor,Female,Married,PhD,19,8,34978,2,3,No,3,No
1231,25,Sales,Sales Manager,Male,Married,Bachelor's,0,19,62523,4,2,No,3,No
1232,22,R&D,Lab Technician,Male,Married,High School,11,22,49442,3,1,Yes,4,Yes
1233,31,Finance,Financial Analyst,Female,Married,Bachelor's,7,19,62662,2,2,No,2,No
1234,39,HR,HR Executive,Male,Married,Bachelor's,6,22,86250,2,1,Yes,4,Yes
1235,51,Sales,Sales Manager,Female,Divorced,Bachelor's,14,14,28971,1,3,Yes,4,No
1236,44,Sales,Sales Manager,Male,Married,Bachelor's,10,15,59923,4,1,Yes,4,Yes
1237,41,IT,Software Engineer,Male,Married,Master's,17,25,56750,2,2,Yes,4,Yes
1238,53,Operations,Supervisor,Female,Single,Master's,6,26,51494,2,3,No,2,No
1239,54,IT,Software Engineer,Male,Married,Bachelor's,13,2,57079,4,1,No,2,No
1240,49,Finance,Financial Analyst,Female,Married,Master's,19,19,18108,4,4,No,1,No
1241,56,Operations,Operations Executive,Male,Divorced,Master's,4,1,31856,3,1,No,4,No
1242,27,R&D,Lab Technician,Male,Single,Bachelor's,13,15,43627,2,3,No,2,No
1243,21,Operations,Supervisor,Male,Divorced,Bachelor's,4,11,73548,1,3,No,2,No
1244,31,HR,HR Executive,Male,Married,Master's,18,26,38266,1,1,No,1,No
1245,25,IT,IT Support,Male,Single,Bachelor's,17,26,41987,3,1,Yes,4,Yes
1246,33,Sales,Sales Executive,Female,Single,Bachelor's,11,8,47847,4,4,No,3,No
1247,57,IT,Software Engineer,Male,Married,Master's,6,24,25940,3,3,No,1,No
1248,25,HR,HR Executive,Male,Single,Bachelor's,1,6,41964,1,3,Yes,2,Yes
1249,54,HR,HR Manager,Female,Single,Bachelor's,2,2,35254,2,4,No,2,No
1250,39,Sales,Sales Manager,Female,Single,Master's,10,21,15000,3,2,No,3,No
1251,28,Operations,Operations Executive,Female,Married,Master's,15,24,15000,4,4,No,3,No
1252,33,Finance,Financial Analyst,Male,Married,Bachelor's,10,14,42505,4,2,Yes,4,Yes
1253,29,R&D,Lab Technician,Male,Married,Bachelor's,10,2,48453,2,3,No,3,No
1254,33,Operations,Supervisor,Female,Married,High School,7,15,42107,1,4,No,2,No
1255,43,Sales,Sales Manager,Female,Married,Bachelor's,16,12,30702,1,1,No,4,No
1256,42,Finance,Accountant,Male,Married,PhD,7,4,56564,4,2,No,4,No
1257,24,R&D,Lab Technician,Female,Married,Master's,13,23,20522,1,4,No,3,No
1258,52,HR,HR Executive,Male,Single,PhD,2,13,45343,2,4,No,3,No
1259,21,Sales,Sales Executive,Female,Married,Bachelor's,17,8,40050,4,2,Yes,1,Yes
1260,34,R&D,Research Scientist,Female,Single,Master's,16,19,36318,2,1,No,4,No
1261,43,Finance,Accountant,Male,Single,Bachelor's,8,27,56943,4,1,No,3,No
1262,50,Finance,Accountant,Male,Married,Master's,15,6,72833,1,3,No,3,No
1263,21,IT,Software Engineer,Female,Single,High School,14,6,30558,3,1,Yes,3,No
1264,31,Operations,Supervisor,Female,Single,PhD,3,13,27439,4,2,Yes,2,No
1265,52,Finance,Accountant,Male,Single,Bachelor's,16,21,43169,1,3,No,4,No
1266,46,R&D,Lab Technician,Female,Married,Bachelor's,2,12,67743,1,2,No,2,No
1267,31,Operations,Operations Executive,Male,Single,Bachelor's,7,4,39182,2,2,Yes,1,Yes
1268,38,IT,IT Support,Male,Married,Bachelor's,17,13,67610,1,4,Yes,2,Yes
1269,33,Finance,Financial Analyst,Male,Single,Bachelor's,7,27,39924,3,2,Yes,3,Yes
1270,34,IT,Software Engineer,Female,Single,Bachelor's,12,8,49124,3,3,Yes,4,No
1271,34,Sales,Sales Manager,Female,Married,Bachelor's,1,19,44676,1,4,No,1,No
1272,38,R&D,Research Scientist,Female,Single,Bachelor's,4,8,64246,2,3,No,1,No
1273,25,HR,HR Executive,Female,Single,Bachelor's,3,1,50610,3,2,No,1,No
1274,30,HR,HR Manager,Male,Married,Master's,10,11,47473,2,3,Yes,2,No
1275,34,Sales,Sales Executive,Female,Married,Master's,14,27,33019,4,2,Yes,1,Yes
1276,53,IT,IT Support,Female,Divorced,PhD,7,20,27060,3,4,No,4,No
1277,45,Finance,Accountant,Male,Married,Master's,0,19,44021,3,1,No,4,No
1278,42,R&D,Research Scientist,Female,Single,Bachelor's,9,4,65939,3,4,No,3,No
1279,24,Sales,Sales Manager,Female,Divorced,Bachelor's,9,22,31571,2,1,Yes,1,Yes
1280,38,IT,Software Engineer,Female,Single,Bachelor's,6,7,59345,4,1,No,4,No
1281,50,R&D,Lab Technician,Male,Married,High School,7,15,43720,3,2,Yes,3,No
1282,31,Sales,Sales Manager,Female,Single,Bachelor's,9,8,36559,2,2,No,2,No
1283,30,Operations,Operations Executive,Male,Married,Bachelor's,14,6,42385,3,1,No,3,No
1284,52,HR,HR Manager,Male,Single,PhD,9,12,72467,2,2,No,2,No
1285,46,IT,IT Support,Female,Divorced,Master's,9,3,68334,4,4,No,2,No
1286,28,IT,Software Engineer,Male,Married,Bachelor's,9,10,37510,2,3,No,1,No
1287,31,IT,Software Engineer,Male,Married,High School,17,29,38200,1,3,Yes,3,Yes
1288,38,IT,IT Support,Male,Married,Master's,18,8,50295,3,2,No,4,No
1289,38,Finance,Financial Analyst,Female,Single,Bachelor's,18,16,63747,3,1,No,2,No
1290,37,R&D,Lab Technician,Female,Married,Bachelor's,14,5,38189,2,4,No,1,No
1291,33,HR,HR Executive,Male,Single,Bachelor's,12,1,29454,1,1,Yes,1,Yes
1292,54,Sales,Sales Executive,Female,Married,Master's,6,2,53358,1,4,No,3,No
1293,34,Operations,Supervisor,Male,Single,Bachelor's,17,28,27396,2,2,No,2,No
1294,43,HR,HR Executive,Female,Married,High School,6,25,61848,1,4,No,3,No
1295,21,R&D,Lab Technician,Male,Single,Bachelor's,2,12,33847,4,2,No,4,No
1296,43,HR,HR Manager,Female,Single,Bachelor's,1,9,35234,1,3,No,2,No
1297,22,Operations,Supervisor,Female,Single,Bachelor's,6,20,15000,4,4,Yes,3,No
1298,22,Operations,Operations Executive,Female,Single,Bachelor's,0,18,55213,4,2,Yes,3,No
1299,47,Operations,Operations Executive,Female,Married,Bachelor's,2,26,62644,2,3,No,4,No
1300,52,Operations,Operations Executive,Female,Single,Bachelor's,10,14,40347,1,1,No,1,No
1301,24,Sales,Sales Manager,Male,Single,Bachelor's,0,23,29873,3,3,No,2,No
1302,33,HR,HR Executive,Male,Single,Bachelor's,19,12,44527,1,4,No,2,No
1303,28,IT,Software Engineer,Male,Divorced,High School,2,13,40624,1,1,No,1,No
1304,35,Operations,Operations Executive,Male,Single,Bachelor's,4,14,40415,4,1,No,3,No
1305,52,HR,HR Manager,Male,Single,High School,13,3,40459,3,1,Yes,2,Yes
1306,28,IT,Software Engineer,Male,Single,Bachelor's,13,20,37630,3,4,No,2,No
1307,22,Sales,Sales Executive,Male,Married,Bachelor's,18,3,17922,2,1,No,1,No
1308,46,Operations,Operations Executive,Female,Single,Master's,2,3,37501,1,3,Yes,3,No
1309,34,Finance,Financial Analyst,Female,Married,Bachelor's,14,8,76504,3,3,Yes,3,No
1310,21,Finance,Financial Analyst,Male,Married,Master's,4,25,15000,1,2,No,3,Yes
1311,49,Sales,Sales Executive,Male,Married,Bachelor's,5,9,36709,2,2,No,4,No
1312,26,IT,Software Engineer,Male,Married,Master's,12,13,59112,4,2,No,4,No
1313,45,Operations,Operations Executive,Female,Married,Bachelor's,4,7,35605,3,4,Yes,4,No
1314,29,Sales,Sales Manager,Male,Married,Master's,19,3,46510,3,3,No,1,No
1315,43,Operations,Supervisor,Female,Single,High School,19,9,39990,2,1,No,2,No
1316,42,R&D,Research Scientist,Female,Single,Bachelor's,12,15,64398,3,2,No,2,No
1317,31,IT,Software Engineer,Female,Married,Master's,18,26,37728,3,3,Yes,3,No
1318,48,HR,HR Executive,Female,Single,High School,17,28,51042,2,3,No,4,No
1319,33,Operations,Supervisor,Male,Divorced,Bachelor's,11,27,39723,3,1,No,4,No
1320,40,R&D,Research Scientist,Male,Single,PhD,17,17,26538,4,4,No,1,No
1321,22,R&D,Lab Technician,Male,Married,PhD,0,11,25441,1,2,No,3,No
1322,25,Finance,Accountant,Female,Single,Bachelor's,13,23,27549,1,1,No,3,No
1323,57,IT,IT Support,Male,Divorced,Bachelor's,4,18,60019,3,4,Yes,2,No
1324,52,Sales,Sales Executive,Male,Married,Master's,3,19,39140,4,3,No,4,No
1325,46,Finance,Financial Analyst,Female,Married,Bachelor's,9,21,61921,1,2,No,3,No
1326,29,Operations,Supervisor,Female,Married,Master's,11,16,15775,3,4,No,3,No
1327,24,IT,IT Support,Male,Single,Master's,12,17,56395,3,4,No,2,No
1328,32,Sales,Sales Manager,Female,Married,Bachelor's,10,11,65332,1,2,No,4,No
1329,21,IT,Software Engineer,Female,Married,Bachelor's,13,27,35231,4,1,No,2,No
1330,21,R&D,Research Scientist,Female,Married,Bachelor's,9,10,55940,1,4,No,2,No
1331,42,Operations,Operations Executive,Male,Single,Bachelor's,3,29,64044,4,2,No,2,No
1332,53,HR,HR Executive,Male,Divorced,Bachelor's,6,20,42083,1,4,Yes,1,No
1333,31,Finance,Financial Analyst,Male,Married,Master's,3,25,37659,3,3,No,4,No
1334,35,Finance,Accountant,Male,Single,Master's,8,4,60928,2,1,No,3,No
1335,49,IT,Software Engineer,Female,Single,Bachelor's,6,21,22674,3,3,Yes,2,No
1336,28,Sales,Sales Executive,Female,Married,Bachelor's,11,14,34577,2,2,No,4,No
1337,51,Operations,Supervisor,Male,Single,Bachelor's,16,28,43551,4,2,No,4,No
1338,50,Finance,Financial Analyst,Male,Single,Master's,9,27,38514,3,2,No,2,No
1339,35,Operations,Supervisor,Female,Single,Bachelor's,6,16,15000,3,4,Yes,4,No
1340,42,Operations,Supervisor,Female,Single,Bachelor's,1,16,63852,3,2,Yes,4,Yes
1341,28,Operations,Supervisor,Male,Single,Master's,9,23,28179,1,3,No,4,No
1342,34,Finance,Financial Analyst,Female,Single,Bachelor's,10,16,54181,4,4,No,2,No
1343,24,Operations,Supervisor,Male,Divorced,Bachelor's,0,12,35374,1,4,Yes,2,Yes
1344,55,HR,HR Executive,Female,Married,Master's,4,10,60070,4,1,No,3,No
1345,53,Finance,Accountant,Male,Single,Master's,15,24,61538,3,2,Yes,1,Yes
1346,38,R&D,Research Scientist,Female,Married,Bachelor's,1,4,21838,4,3,No,1,No
1347,46,R&D,Research Scientist,Male,Single,Master's,0,11,39178,4,4,Yes,4,No
1348,23,Sales,Sales Executive,Female,Married,Master's,15,15,40819,3,3,No,2,No
1349,37,IT,IT Support,Male,Married,Bachelor's,19,22,26926,1,2,No,4,No
1350,44,HR,HR Executive,Female,Married,High School,10,11,29161,1,1,No,4,No
1351,48,HR,HR Manager,Male,Divorced,Bachelor's,12,16,51310,4,3,Yes,3,No
1352,44,Finance,Financial Analyst,Male,Married,PhD,8,8,35904,1,4,No,3,No
1353,23,Finance,Accountant,Male,Single,Bachelor's,16,22,50456,4,4,No,3,No
1354,42,R&D,Lab Technician,Female,Divorced,Master's,2,16,42365,3,2,Yes,4,No
1355,44,HR,HR Executive,Male,Married,High School,14,23,24439,1,4,No,4,No
1356,25,Sales,Sales Manager,Female,Single,Master's,11,7,54931,2,4,Yes,2,Yes
1357,49,Sales,Sales Executive,Female,Single,Master's,0,6,31651,4,4,Yes,2,No
1358,57,Operations,Operations Executive,Female,Married,Master's,4,19,27360,2,4,No,3,No
1359,27,Sales,Sales Manager,Male,Single,High School,12,7,29147,4,3,No,2,No
1360,41,IT,IT Support,Female,Married,Bachelor's,6,1,39988,4,4,Yes,1,No
1361,30,R&D,Lab Technician,Female,Married,High School,2,8,54034,3,2,No,4,No
1362,26,HR,HR Executive,Female,Married,Bachelor's,3,27,50110,2,4,No,3,No
1363,57,Finance,Accountant,Male,Married,Bachelor's,16,10,43997,3,3,Yes,3,No
1364,37,IT,IT Support,Female,Married,PhD,16,16,49445,1,3,No,2,No
1365,44,Sales,Sales Executive,Female,Single,Bachelor's,14,10,39384,2,2,Yes,1,Yes
1366,51,HR,HR Executive,Male,Married,High School,1,3,44561,3,4,Yes,1,Yes
1367,32,R&D,Lab Technician,Male,Married,High School,1,27,36567,4,1,No,1,Yes
1368,26,Finance,Financial Analyst,Female,Married,Bachelor's,11,1,39430,4,3,Yes,2,No
1369,46,R&D,Lab Technician,Male,Single,High School,1,9,27005,3,2,Yes,4,No
1370,30,Operations,Operations Executive,Female,Single,High School,12,20,15000,2,2,No,3,No
1371,24,Operations,Operations Executive,Female,Married,Bachelor's,15,5,52010,1,4,Yes,2,No
1372,28,Sales,Sales Manager,Female,Single,High School,6,27,54532,1,3,No,4,No
1373,35,R&D,Lab Technician,Female,Single,Bachelor's,1,4,42015,1,4,No,2,No
1374,28,Finance,Accountant,Male,Married,Bachelor's,17,22,62534,3,1,Yes,1,Yes
1375,26,Finance,Financial Analyst,Male,Single,Master's,19,19,47795,4,1,Yes,2,No
1376,21,Finance,Accountant,Male,Single,Bachelor's,11,17,54889,3,2,No,1,No
1377,53,HR,HR Executive,Female,Single,Bachelor's,3,21,59393,2,4,Yes,2,No
1378,31,IT,IT Support,Female,Married,Bachelor's,4,8,48124,3,2,No,3,No
1379,34,HR,HR Executive,Male,Married,Master's,19,8,52803,4,2,No,2,No
1380,49,Sales,Sales Executive,Female,Married,High School,14,9,48974,4,4,No,1,No
1381,23,HR,HR Executive,Male,Married,Master's,1,17,39960,1,2,No,3,No
1382,53,IT,Software Engineer,Male,Married,Master's,16,3,26427,4,4,No,2,No
1383,33,R&D,Lab Technician,Female,Married,Bachelor's,13,3,38292,1,2,No,3,No
1384,27,Sales,Sales Executive,Male,Single,Master's,12,28,36751,3,1,No,2,No
1385,54,HR,HR Executive,Male,Single,Bachelor's,7,23,15000,4,4,No,4,No
1386,27,Sales,Sales Manager,Male,Married,Master's,9,15,42448,3,2,No,2,No
1387,35,HR,HR Executive,Female,Single,Bachelor's,2,4,31447,4,2,No,2,No
1388,36,Operations,Supervisor,Female,Single,PhD,3,11,51104,2,2,No,4,No
1389,57,HR,HR Executive,Male,Single,Bachelor's,3,11,36133,3,2,Yes,4,No
1390,45,IT,IT Support,Male,Single,Master's,16,25,44407,1,1,No,2,No
1391,34,Finance,Financial Analyst,Male,Divorced,Bachelor's,6,17,65979,1,2,No,3,No
1392,27,R&D,Research Scientist,Female,Married,Bachelor's,15,29,37799,3,2,No,1,No
1393,38,IT,IT Support,Female,Married,PhD,19,7,35428,2,2,No,4,No
1394,40,Operations,Supervisor,Female,Married,PhD,17,8,40195,4,2,No,4,No
1395,46,IT,IT Support,Female,Married,Master's,13,18,15000,2,4,Yes,3,Yes
1396,55,Operations,Operations Executive,Male,Married,High School,17,9,32723,1,1,No,1,No
1397,31,R&D,Lab Technician,Female,Married,Bachelor's,14,27,38033,3,2,No,1,No
1398,50,R&D,Research Scientist,Female,Single,Bachelor's,10,15,33878,1,2,No,4,No
1399,51,R&D,Lab Technician,Female,Married,Bachelor's,12,28,37389,1,2,Yes,2,Yes
1400,29,IT,IT Support,Female,Married,Master's,6,24,66307,2,1,No,1,Yes
1401,43,Sales,Sales Manager,Male,Single,Bachelor's,19,10,21284,2,1,No,2,No
1402,39,IT,IT Support,Male,Single,High School,18,20,49819,2,4,No,4,No
1403,46,HR,HR Executive,Male,Single,Master's,3,10,53023,3,2,No,3,No
1404,40,IT,Software Engineer,Female,Married,Bachelor's,14,17,39929,4,2,No,3,No
1405,21,Operations,Operations Executive,Female,Single,Bachelor's,6,22,59475,1,3,No,2,No
1406,57,Finance,Financial Analyst,Female,Single,Bachelor's,4,11,68344,1,3,No,3,No
1407,52,Finance,Accountant,Male,Married,High School,11,21,21473,4,4,No,2,No
1408,26,Operations,Supervisor,Female,Married,Master's,0,15,37399,1,2,No,4,No
1409,21,HR,HR Manager,Male,Single,Bachelor's,6,15,32416,3,1,No,3,No
1410,44,IT,Software Engineer,Female,Single,Bachelor's,7,16,26941,3,1,No,3,No
1411,30,Finance,Accountant,Male,Single,Bachelor's,11,14,54284,1,1,Yes,4,Yes
1412,24,HR,HR Manager,Female,Married,Master's,9,22,37306,4,4,Yes,3,No
1413,57,IT,IT Support,Female,Divorced,Bachelor's,2,28,39714,4,4,No,2,No
1414,28,Operations,Supervisor,Female,Single,Bachelor's,0,10,46245,2,4,Yes,2,Yes
1415,25,R&D,Lab Technician,Female,Divorced,Master's,1,4,59147,4,1,Yes,4,Yes
1416,24,Operations,Supervisor,Male,Divorced,Bachelor's,14,23,20625,4,4,Yes,2,No
1417,43,Sales,Sales Manager,Male,Single,Master's,1,27,25727,4,4,No,2,No
1418,55,Finance,Accountant,Female,Married,Master's,8,23,44767,3,3,No,4,No
1419,27,HR,HR Executive,Female,Married,Bachelor's,1,26,55093,4,3,Yes,1,No
1420,22,Operations,Supervisor,Male,Married,Bachelor's,0,3,55033,1,2,No,3,Yes
1421,35,HR,HR Executive,Female,Married,Master's,2,17,56395,2,1,Yes,1,No
1422,24,Sales,Sales Executive,Male,Single,Bachelor's,7,12,33233,1,4,No,3,No
1423,43,R&D,Lab Technician,Male,Married,Master's,11,26,18610,4,4,No,2,No
1424,32,Finance,Financial Analyst,Male,Married,Bachelor's,8,15,30281,1,2,Yes,1,Yes
1425,45,HR,HR Manager,Male,Single,Bachelor's,4,10,55301,2,1,No,3,No
1426,42,HR,HR Executive,Male,Married,Bachelor's,19,2,42424,2,1,No,4,No
1427,50,HR,HR Manager,Female,Divorced,Bachelor's,12,2,38190,3,1,Yes,3,No
1428,44,IT,Software Engineer,Female,Single,Bachelor's,17,1,61053,1,4,No,3,No
1429,30,Finance,Financial Analyst,Female,Married,Bachelor's,6,8,49059,4,2,No,1,No
1430,22,IT,IT Support,Female,Married,Master's,8,5,45183,2,3,No,4,No
1431,28,Sales,Sales Executive,Male,Married,Bachelor's,4,6,66202,1,2,No,2,No
1432,53,HR,HR Executive,Male,Married,Bachelor's,18,20,59531,1,1,No,3,No
1433,23,HR,HR Manager,Male,Single,Bachelor's,15,20,34202,1,4,Yes,3,Yes
1434,35,Sales,Sales Executive,Female,Single,Master's,9,26,38927,4,2,No,2,No
1435,29,HR,HR Executive,Male,Married,Bachelor's,3,16,35112,3,1,Yes,2,No
1436,30,Sales,Sales Executive,Male,Married,Master's,10,17,41086,4,2,Yes,1,No
1437,40,HR,HR Manager,Female,Married,Master's,4,16,15000,2,2,No,1,No
1438,21,Sales,Sales Manager,Male,Single,Bachelor's,13,6,45671,4,1,No,3,No
1439,40,Operations,Operations Executive,Female,Married,Master's,14,14,46841,1,2,Yes,2,Yes
1440,39,IT,IT Support,Female,Single,High School,18,20,44071,4,4,No,1,No
1441,36,Sales,Sales Manager,Female,Single,Bachelor's,4,3,30434,1,3,No,1,No
1442,31,IT,Software Engineer,Male,Single,Bachelor's,17,10,48097,2,1,No,2,No
1443,31,R&D,Lab Technician,Male,Married,High School,12,23,55517,2,3,No,3,No
1444,25,IT,Software Engineer,Male,Single,Bachelor's,8,9,50676,3,4,No,3,No
1445,46,IT,IT Support,Male,Married,PhD,10,21,61584,2,4,No,3,No
1446,27,Operations,Operations Executive,Female,Married,Bachelor's,3,8,18318,1,3,No,2,No
1447,29,R&D,Lab Technician,Male,Single,Bachelor's,13,15,45410,2,4,No,3,No
1448,28,Sales,Sales Executive,Male,Single,Master's,9,12,57646,4,2,No,1,No
1449,35,R&D,Lab Technician,Male,Married,Bachelor's,18,14,56534,4,3,Yes,1,No
1450,46,Sales,Sales Manager,Female,Married,Bachelor's,1,15,63309,3,2,No,1,No
1451,53,HR,HR Manager,Male,Married,Master's,2,27,35191,1,1,Yes,4,Yes
1452,57,HR,HR Manager,Female,Married,Bachelor's,0,20,57636,4,3,Yes,1,No
1453,25,Sales,Sales Manager,Male,Married,Master's,16,28,58479,2,2,No,1,No
1454,33,HR,HR Executive,Female,Single,Bachelor's,5,24,40309,1,2,No,1,No
1455,40,IT,IT Support,Female,Single,Master's,1,22,24714,1,2,No,1,Yes
1456,42,IT,IT Support,Male,Married,Bachelor's,3,16,37150,3,4,No,3,No
1457,56,R&D,Research Scientist,Male,Married,Bachelor's,10,11,60860,2,4,No,1,No
1458,42,HR,HR Manager,Male,Single,Bachelor's,11,5,40468,3,1,No,1,No
1459,41,Sales,Sales Manager,Male,Married,Master's,18,23,66304,3,3,No,2,No
1460,26,Sales,Sales Executive,Male,Married,Bachelor's,2,21,31043,2,4,No,3,No
1461,54,HR,HR Executive,Male,Married,Bachelor's,18,29,35126,3,1,No,2,No
1462,26,Finance,Accountant,Male,Married,Master's,10,23,61691,3,2,No,2,No
1463,26,IT,Software Engineer,Male,Married,High School,9,13,16954,4,3,No,2,No
1464,51,R&D,Research Scientist,Female,Divorced,Bachelor's,17,16,52434,3,2,No,4,No
1465,21,Finance,Accountant,Female,Married,Bachelor's,1,19,46027,1,1,Yes,2,Yes
1466,31,Operations,Supervisor,Female,Divorced,Bachelor's,5,24,15000,3,3,Yes,4,No
1467,43,Operations,Supervisor,Male,Married,High School,12,23,37135,2,3,No,1,No
1468,25,Sales,Sales Executive,Male,Married,Master's,8,24,36007,2,3,No,4,No
1469,51,IT,IT Support,Male,Single,Bachelor's,8,20,56517,2,1,No,1,No
1470,54,IT,Software Engineer,Male,Single,Bachelor's,3,8,32476,3,4,No,1,No
1471,28,Finance,Financial Analyst,Female,Single,Bachelor's,7,22,42359,3,3,No,1,No
1472,46,Finance,Financial Analyst,Female,Married,Bachelor's,6,8,54199,1,2,No,4,No
1473,53,Sales,Sales Executive,Male,Single,Bachelor's,10,16,15000,2,2,Yes,4,Yes
1474,42,Finance,Accountant,Male,Single,Bachelor's,0,22,62854,2,3,No,4,Yes
1475,38,Operations,Operations Executive,Male,Divorced,Bachelor's,7,2,24618,3,3,No,4,No
1476,53,IT,IT Support,Female,Married,Bachelor's,3,28,48724,3,1,No,3,No
1477,23,IT,IT Support,Female,Married,Bachelor's,10,3,39091,3,4,Yes,4,No
1478,32,HR,HR Executive,Female,Married,Master's,2,7,43302,4,4,No,1,No
1479,55,Operations,Supervisor,Male,Married,Bachelor's,1,15,59002,3,2,Yes,1,Yes
1480,36,R&D,Research Scientist,Male,Single,Bachelor's,14,24,28657,1,4,No,1,No
1481,52,HR,HR Manager,Female,Single,Bachelor's,13,16,35138,2,3,No,3,No
1482,42,HR,HR Manager,Male,Married,Bachelor's,2,8,47000,4,2,No,1,No
1483,38,Sales,Sales Executive,Female,Divorced,Master's,19,4,37348,1,1,Yes,3,Yes
1484,37,HR,HR Manager,Male,Single,Bachelor's,7,28,56000,3,3,No,2,No
1485,41,R&D,Lab Technician,Male,Married,Master's,11,22,40021,2,4,Yes,1,Yes
1486,31,Sales,Sales Executive,Male,Single,Master's,0,15,34954,3,1,No,2,No
1487,31,Sales,Sales Executive,Male,Married,Bachelor's,7,18,48055,3,1,No,2,No
1488,27,Operations,Supervisor,Female,Married,High School,2,19,46614,1,1,No,4,No
1489,22,IT,Software Engineer,Male,Married,Bachelor's,7,24,29485,3,2,No,1,No
1490,40,Finance,Accountant,Male,Divorced,High School,16,20,55526,1,2,No,3,No
1491,45,Sales,Sales Executive,Male,Married,High School,18,26,90026,3,4,No,2,No
1492,43,IT,Software Engineer,Male,Married,High School,11,3,52358,3,3,Yes,3,No
1493,44,IT,Software Engineer,Female,Single,Bachelor's,0,7,35812,2,4,No,2,No
1494,26,IT,IT Support,Male,Single,Bachelor's,5,15,48000,2,1,Yes,3,Yes
1495,36,Sales,Sales Executive,Female,Divorced,Master's,3,11,30718,1,3,Yes,4,Yes
1496,52,Sales,Sales Manager,Male,Single,High School,18,16,47895,3,1,No,2,No
1497,40,HR,HR Executive,Male,Divorced,Master's,1,18,37889,1,2,No,3,Yes
1498,24,Operations,Supervisor,Female,Married,Bachelor's,13,26,41109,4,3,No,3,No
1499,33,Finance,Financial Analyst,Male,Married,Bachelor's,3,8,44496,4,2,No,1,No
1500,33,Sales,Sales Manager,Male,Married,Bachelor's,18,21,36691,2,1,Yes,1,Yes
1501,25,IT,Software Engineer,Female,Single,Master's,6,23,38448,3,2,No,3,No
1502,41,Finance,Financial Analyst,Male,Married,Master's,13,25,19422,4,1,Yes,4,Yes
1503,38,HR,HR Executive,Male,Married,Bachelor's,8,21,27967,4,1,Yes,3,Yes
1504,28,Operations,Supervisor,Male,Single,Bachelor's,7,2,49125,1,4,Yes,1,Yes
1505,46,IT,Software Engineer,Male,Married,Bachelor's,18,1,55371,4,2,No,4,No
1506,38,R&D,Research Scientist,Female,Single,Bachelor's,14,1,33016,1,3,No,4,No
1507,38,Operations,Operations Executive,Male,Married,Bachelor's,11,29,27143,3,3,Yes,2,No
1508,39,R&D,Lab Technician,Male,Married,High School,19,2,45601,4,4,No,2,No
1509,47,IT,Software Engineer,Female,Married,Master's,11,25,50935,3,3,No,1,No
1510,43,R&D,Lab Technician,Male,Single,Bachelor's,11,12,53218,3,1,No,1,No
1511,33,R&D,Research Scientist,Male,Married,Bachelor's,7,28,49396,3,3,No,3,No
1512,25,HR,HR Manager,Female,Married,Bachelor's,8,24,55307,3,1,No,2,No
1513,38,Operations,Supervisor,Female,Married,Bachelor's,5,1,18758,1,1,No,2,No
1514,22,Finance,Financial Analyst,Female,Married,Bachelor's,7,25,69801,3,4,No,4,No
1515,28,Sales,Sales Manager,Male,Single,High School,0,4,61131,3,4,No,4,No
1516,47,Operations,Operations Executive,Male,Single,Bachelor's,2,16,41001,4,1,Yes,2,No
1517,55,R&D,Research Scientist,Male,Single,PhD,15,1,63668,3,2,Yes,3,Yes
1518,21,IT,IT Support,Male,Single,Master's,5,11,30951,3,2,No,4,No
1519,39,Operations,Operations Executive,Male,Married,Bachelor's,5,15,46235,3,1,No,4,No
1520,47,Sales,Sales Executive,Male,Single,Bachelor's,1,7,71584,4,2,Yes,4,Yes
1521,47,HR,HR Manager,Female,Single,Master's,10,3,64241,2,4,No,3,No
1522,21,HR,HR Manager,Female,Married,Bachelor's,15,13,44622,3,3,Yes,4,No
1523,21,Operations,Supervisor,Female,Married,Bachelor's,14,7,68043,1,2,No,4,No
1524,43,Finance,Accountant,Female,Divorced,Bachelor's,15,24,34908,2,1,Yes,2,Yes
1525,46,R&D,Research Scientist,Female,Married,High School,1,13,38461,1,3,No,3,No
1526,32,Sales,Sales Executive,Female,Married,Bachelor's,4,19,43839,3,2,No,3,No
1527,21,Sales,Sales Executive,Female,Married,Master's,12,24,41052,2,3,No,4,No
1528,36,IT,IT Support,Female,Single,High School,8,8,20437,3,3,Yes,3,No
1529,53,Sales,Sales Manager,Female,Single,Bachelor's,9,25,37631,1,1,No,4,No
1530,42,HR,HR Executive,Female,Single,PhD,2,3,32305,2,1,No,2,No
1531,42,R&D,Lab Technician,Male,Single,Bachelor's,11,29,30830,2,4,No,4,No
1532,47,R&D,Research Scientist,Male,Divorced,Bachelor's,6,6,76429,4,1,No,3,No
1533,43,HR,HR Manager,Female,Married,Bachelor's,18,21,52625,4,1,No,3,No
1534,37,HR,HR Manager,Female,Married,Master's,7,23,26320,4,2,No,2,No
1535,44,Sales,Sales Manager,Male,Married,Bachelor's,4,10,34510,3,2,No,2,No
1536,52,Operations,Supervisor,Female,Single,Master's,4,28,51973,3,2,No,2,No
1537,31,IT,IT Support,Female,Single,Bachelor's,11,22,48716,1,4,No,2,No
1538,25,R&D,Research Scientist,Female,Divorced,Bachelor's,11,18,65861,1,3,No,3,No
1539,35,HR,HR Manager,Male,Single,Master's,9,1,63298,4,2,No,3,No
1540,56,HR,HR Executive,Male,Single,High School,11,23,47784,4,1,No,2,No
1541,39,IT,IT Support,Female,Single,Bachelor's,12,5,52109,2,2,Yes,4,Yes
1542,26,IT,IT Support,Female,Married,Bachelor's,7,15,46269,3,1,No,4,No
1543,56,IT,Software Engineer,Male,Married,Bachelor's,15,12,51634,4,1,Yes,2,No
1544,28,Finance,Financial Analyst,Male,Divorced,Bachelor's,1,15,49211,3,3,No,2,No
1545,53,R&D,Research Scientist,Male,Single,Bachelor's,11,1,15000,3,1,No,3,No
1546,36,Operations,Supervisor,Female,Single,Master's,18,7,38434,2,3,No,2,No
1547,36,R&D,Research Scientist,Male,Single,Bachelor's,10,6,61343,3,3,Yes,3,No
1548,46,Sales,Sales Executive,Female,Married,Bachelor's,1,3,46528,4,2,No,2,No
1549,27,R&D,Research Scientist,Female,Married,PhD,8,27,46680,2,2,No,2,Yes
1550,44,Sales,Sales Executive,Male,Married,High School,10,14,43524,1,1,No,2,No
1551,42,HR,HR Executive,Male,Single,Bachelor's,0,8,51697,1,2,No,1,Yes
1552,56,IT,Software Engineer,Female,Single,Bachelor's,18,5,55716,3,1,Yes,1,No
1553,30,HR,HR Manager,Female,Single,Bachelor's,14,22,76419,4,1,No,3,No
1554,43,Finance,Accountant,Male,Married,Bachelor's,3,1,74826,4,3,No,2,No
1555,35,R&D,Lab Technician,Male,Divorced,Bachelor's,14,6,49434,4,3,No,4,No
1556,29,IT,Software Engineer,Male,Single,Master's,11,27,68448,2,2,No,4,No
1557,37,Sales,Sales Executive,Female,Married,Master's,17,14,57038,1,2,Yes,1,Yes
1558,29,Finance,Financial Analyst,Male,Divorced,Bachelor's,12,28,40796,2,4,Yes,4,No
1559,49,Operations,Supervisor,Male,Single,Bachelor's,16,5,45313,2,4,No,2,No
1560,33,Finance,Accountant,Female,Single,Bachelor's,10,21,38440,3,4,No,1,No
1561,37,Finance,Accountant,Male,Single,Bachelor's,10,24,15000,3,1,No,3,No
1562,30,IT,Software Engineer,Male,Married,PhD,3,14,42789,3,1,No,2,No
1563,31,R&D,Lab Technician,Female,Single,Bachelor's,9,3,36677,1,1,No,2,No
1564,36,Operations,Operations Executive,Male,Married,Bachelor's,18,21,28000,4,2,Yes,4,Yes
1565,46,Operations,Operations Executive,Female,Married,High School,13,8,25047,3,2,No,1,No
1566,55,R&D,Lab Technician,Female,Single,Bachelor's,16,23,59832,1,2,No,3,Yes
1567,34,HR,HR Executive,Female,Divorced,Bachelor's,7,27,89412,3,3,Yes,1,No
1568,26,IT,IT Support,Female,Divorced,Bachelor's,3,10,31361,4,1,Yes,4,No
1569,50,R&D,Lab Technician,Male,Married,Master's,4,15,31617,2,2,No,3,No
1570,32,Operations,Supervisor,Male,Married,High School,8,8,15386,2,1,No,3,No
1571,40,R&D,Lab Technician,Male,Married,Bachelor's,9,16,25862,3,4,No,1,No
1572,45,Sales,Sales Executive,Male,Married,Master's,14,23,52614,2,3,Yes,3,Yes
1573,41,Finance,Accountant,Male,Divorced,PhD,13,18,90270,4,4,No,3,No
1574,55,Sales,Sales Manager,Female,Single,Bachelor's,12,28,26444,3,3,No,3,No
1575,50,Finance,Financial Analyst,Female,Married,High School,3,20,36840,1,2,No,1,No
1576,48,HR,HR Manager,Male,Married,Bachelor's,3,3,56988,1,3,No,2,No
1577,48,HR,HR Executive,Male,Married,Master's,16,8,54162,3,4,Yes,1,No
1578,44,HR,HR Manager,Female,Married,Bachelor's,12,26,59772,2,4,No,3,No
1579,38,Finance,Accountant,Female,Single,Master's,17,25,52509,3,3,No,3,No
1580,45,Operations,Operations Executive,Male,Single,Bachelor's,4,21,57619,1,3,No,4,No
1581,35,R&D,Lab Technician,Female,Single,Bachelor's,3,22,48437,3,3,Yes,1,No
1582,29,IT,IT Support,Male,Married,High School,16,17,22385,4,3,No,2,No
1583,34,R&D,Lab Technician,Female,Single,Bachelor's,17,29,42503,4,4,Yes,1,No
1584,23,IT,IT Support,Male,Married,Master's,12,1,65251,4,1,Yes,2,No
1585,28,R&D,Research Scientist,Male,Married,PhD,7,16,56435,2,1,Yes,1,Yes
1586,39,Operations,Supervisor,Female,Married,High School,14,24,70290,3,1,Yes,3,Yes
1587,24,Finance,Accountant,Male,Married,High School,19,24,21784,2,1,No,3,Yes
1588,22,Operations,Supervisor,Male,Single,Bachelor's,18,2,23639,2,2,No,2,No
1589,29,HR,HR Manager,Male,Married,Bachelor's,14,17,61126,2,3,No,3,No
1590,26,Finance,Accountant,Female,Divorced,Bachelor's,12,14,37080,2,1,No,1,No
1591,24,Operations,Operations Executive,Male,Married,Master's,4,21,37605,2,2,No,1,No
1592,25,Operations,Supervisor,Male,Single,Bachelor's,12,9,60716,2,4,No,2,No
1593,25,Sales,Sales Executive,Male,Single,Bachelor's,0,26,76484,3,2,Yes,1,Yes
1594,44,Sales,Sales Manager,Male,Single,Bachelor's,15,19,50321,2,1,No,1,No
1595,37,HR,HR Executive,Male,Married,Master's,1,21,34779,3,3,No,4,No
1596,21,IT,IT Support,Female,Single,Bachelor's,7,16,15628,3,1,Yes,1,Yes
1597,21,Sales,Sales Executive,Male,Single,High School,10,24,20545,4,3,No,2,No
1598,42,IT,IT Support,Male,Married,Master's,16,13,55085,4,4,No,1,No
1599,45,Operations,Operations Executive,Male,Divorced,Bachelor's,1,5,32594,4,1,No,2,No
1600,48,IT,Software Engineer,Female,Single,High School,8,19,42286,1,3,No,1,No
1601,41,IT,Software Engineer,Female,Single,Bachelor's,5,22,50613,1,1,No,2,No
1602,47,Operations,Operations Executive,Male,Divorced,Bachelor's,7,19,55716,2,1,Yes,2,No
1603,39,Sales,Sales Manager,Female,Single,Bachelor's,12,29,24994,4,2,No,3,No
1604,27,IT,Software Engineer,Female,Married,Master's,13,6,41439,2,1,No,1,No
1605,56,HR,HR Manager,Male,Single,Master's,18,1,78703,4,4,No,2,No
1606,24,Sales,Sales Executive,Male,Married,Bachelor's,3,27,54743,4,4,No,2,No
1607,28,Finance,Financial Analyst,Male,Divorced,Master's,4,1,33812,3,1,No,3,No
1608,42,Finance,Financial Analyst,Female,Single,Master's,7,18,75328,1,3,Yes,1,No
1609,29,R&D,Research Scientist,Female,Married,Master's,4,5,38712,1,2,No,2,No
1610,42,Sales,Sales Executive,Female,Divorced,PhD,1,8,40489,2,2,No,1,Yes
1611,39,Sales,Sales Executive,Female,Divorced,Bachelor's,11,13,37020,1,2,No,3,No
1612,26,Finance,Financial Analyst,Female,Married,Master's,14,22,53379,1,4,No,4,No
1613,40,IT,Software Engineer,Male,Single,Bachelor's,7,7,41648,1,2,No,4,No
1614,45,Finance,Financial Analyst,Male,Married,Bachelor's,17,15,75562,2,3,No,2,No
1615,33,Sales,Sales Manager,Female,Single,Bachelor's,8,11,41786,4,2,No,2,No
1616,37,HR,HR Manager,Male,Married,Bachelor's,9,4,56665,2,2,Yes,1,Yes
1617,36,R&D,Lab Technician,Female,Single,Bachelor's,17,12,58158,4,2,No,4,No
1618,33,Finance,Accountant,Female,Single,Master's,13,10,59386,4,3,Yes,1,No
1619,55,HR,HR Manager,Female,Single,Bachelor's,13,9,48252,3,3,No,2,No
1620,28,Finance,Financial Analyst,Male,Married,Bachelor's,4,25,48567,3,3,Yes,3,No
1621,30,R&D,Lab Technician,Male,Married,High School,12,24,54976,4,4,Yes,3,No
1622,51,HR,HR Executive,Male,Divorced,Bachelor's,7,1,39081,1,3,No,4,No
1623,35,Operations,Operations Executive,Male,Divorced,High School,2,13,22335,2,4,No,1,No
1624,26,IT,IT Support,Female,Married,High School,6,23,40190,1,3,No,2,No
1625,27,IT,IT Support,Female,Single,Bachelor's,4,15,46359,3,1,No,3,No
1626,48,HR,HR Executive,Female,Married,Bachelor's,3,24,43622,1,3,Yes,2,No
1627,43,R&D,Lab Technician,Male,Married,High School,18,19,44602,2,4,Yes,4,Yes
1628,30,R&D,Lab Technician,Male,Single,Master's,10,11,42975,2,3,No,3,No
1629,34,Operations,Supervisor,Male,Single,Master's,8,25,22830,3,3,Yes,1,No
1630,36,IT,IT Support,Female,Single,Master's,17,21,26515,4,1,No,4,No
1631,46,R&D,Lab Technician,Female,Single,Bachelor's,10,28,59082,2,2,Yes,2,Yes
1632,26,HR,HR Manager,Female,Married,Master's,10,12,39694,4,1,No,1,No
1633,57,Operations,Supervisor,Female,Married,PhD,4,2,32074,4,4,No,1,No
1634,46,R&D,Research Scientist,Female,Single,Bachelor's,12,25,34468,3,3,No,1,No
1635,44,R&D,Research Scientist,Male,Married,Master's,17,4,59476,4,4,Yes,3,No
1636,35,HR,HR Manager,Female,Single,Bachelor's,9,24,42690,4,4,No,1,No
1637,26,Sales,Sales Executive,Female,Single,PhD,8,1,45010,1,4,No,4,No
1638,31,Operations,Supervisor,Female,Divorced,Master's,9,29,47143,1,3,Yes,1,Yes
1639,34,Operations,Operations Executive,Male,Married,Bachelor's,0,1,65335,1,4,Yes,4,Yes
1640,44,Sales,Sales Manager,Female,Married,PhD,6,5,36602,2,4,No,1,No
1641,54,Finance,Accountant,Female,Single,Master's,19,12,76532,2,1,No,1,No
1642,54,HR,HR Executive,Male,Married,Master's,9,28,48293,4,3,Yes,4,No
1643,28,R&D,Research Scientist,Female,Married,Bachelor's,7,22,52777,3,4,Yes,1,No
1644,43,Operations,Operations Executive,Female,Married,Bachelor's,10,8,28844,1,4,No,4,No
1645,25,Operations,Operations Executive,Female,Single,Bachelor's,6,29,31231,4,4,No,3,No
1646,25,Sales,Sales Manager,Female,Divorced,Bachelor's,19,5,31584,3,2,Yes,4,No
1647,41,IT,IT Support,Male,Married,High School,17,28,44912,3,2,Yes,1,Yes
1648,54,Finance,Financial Analyst,Male,Married,Master's,15,27,56700,1,3,No,1,No
1649,21,IT,IT Support,Female,Married,Bachelor's,17,8,49838,3,2,No,4,No
1650,42,Operations,Operations Executive,Female,Divorced,Bachelor's,16,27,41247,2,1,No,3,No
1651,45,IT,IT Support,Female,Single,Bachelor's,3,3,39966,2,3,No,4,No
1652,50,IT,Software Engineer,Female,Divorced,High School,13,4,44916,1,3,No,1,No
1653,22,Sales,Sales Manager,Male,Single,High School,6,27,64078,4,4,Yes,1,No
1654,55,Operations,Operations Executive,Female,Single,Master's,18,26,40334,3,2,Yes,1,No
1655,28,HR,HR Executive,Male,Single,Bachelor's,2,7,40039,2,1,Yes,1,Yes
1656,47,Operations,Supervisor,Male,Married,High School,12,20,27781,1,2,No,2,No
1657,38,R&D,Research Scientist,Male,Married,Bachelor's,2,26,43708,4,4,No,4,No
1658,53,Operations,Supervisor,Male,Married,Bachelor's,7,20,73821,1,4,No,3,No
1659,47,Finance,Financial Analyst,Female,Married,Bachelor's,1,22,32552,4,2,Yes,1,Yes
1660,44,IT,Software Engineer,Male,Married,Master's,1,15,55642,3,1,Yes,4,No
1661,31,HR,HR Manager,Female,Divorced,Master's,7,25,39333,3,1,No,4,No
1662,56,Sales,Sales Executive,Female,Single,Bachelor's,6,6,60064,1,2,No,4,No
1663,44,Finance,Accountant,Male,Married,PhD,14,11,31711,3,4,Yes,4,No
1664,49,Sales,Sales Executive,Male,Married,Bachelor's,1,5,20232,2,4,Yes,3,Yes
1665,21,Finance,Financial Analyst,Male,Married,Bachelor's,8,23,56988,1,3,No,1,No
1666,23,Finance,Financial Analyst,Male,Married,High School,6,10,42874,3,2,No,3,No
1667,42,Sales,Sales Executive,Male,Married,Bachelor's,17,18,35718,1,3,Yes,1,No
1668,52,Sales,Sales Executive,Female,Single,High School,1,5,36374,3,1,No,3,No
1669,38,Operations,Operations Executive,Female,Single,Bachelor's,9,6,51322,3,2,No,1,No
1670,57,Sales,Sales Manager,Male,Single,Bachelor's,19,4,46866,4,4,Yes,2,No
1671,45,IT,IT Support,Female,Married,Bachelor's,6,21,50106,1,2,No,4,No
1672,22,HR,HR Manager,Female,Married,Bachelor's,6,26,53973,3,2,No,1,No
1673,31,IT,Software Engineer,Male,Married,High School,15,2,56443,2,2,No,3,No
1674,31,HR,HR Executive,Male,Single,High School,4,9,33510,2,3,No,1,No
1675,44,Operations,Operations Executive,Female,Married,High School,17,26,45297,3,3,Yes,3,No
1676,28,Operations,Operations Executive,Male,Married,Bachelor's,11,5,39106,1,1,No,4,No
1677,33,Operations,Operations Executive,Female,Married,Bachelor's,14,29,41733,3,4,No,4,No
1678,31,Sales,Sales Executive,Male,Married,Master's,11,9,57763,1,2,Yes,3,Yes
1679,57,Sales,Sales Executive,Female,Divorced,Bachelor's,11,11,75469,2,2,No,2,No
1680,56,Operations,Operations Executive,Female,Married,Bachelor's,18,25,36703,2,1,Yes,1,Yes
1681,29,Finance,Financial Analyst,Male,Divorced,Bachelor's,1,17,49667,4,3,Yes,2,No
1682,39,Finance,Accountant,Female,Married,Bachelor's,2,10,49596,3,2,No,2,No
1683,28,HR,HR Executive,Female,Married,Bachelor's,7,7,46181,1,3,No,3,No
1684,37,Operations,Operations Executive,Male,Single,Bachelor's,12,10,54930,3,4,No,2,No
1685,54,IT,Software Engineer,Male,Divorced,Bachelor's,11,10,53832,1,4,Yes,1,Yes
1686,56,Operations,Supervisor,Female,Divorced,Bachelor's,7,23,44293,2,1,Yes,4,Yes
1687,55,Finance,Accountant,Female,Divorced,Bachelor's,2,15,47485,1,2,Yes,1,Yes
1688,39,IT,IT Support,Female,Married,High School,6,28,64039,3,2,No,4,No
1689,33,Sales,Sales Executive,Female,Single,PhD,18,3,43665,2,3,Yes,4,No
1690,55,HR,HR Executive,Female,Single,Bachelor's,4,5,62829,3,1,Yes,4,No
1691,43,Finance,Financial Analyst,Male,Single,Bachelor's,11,6,59566,4,2,No,2,No
1692,29,Sales,Sales Executive,Female,Married,Bachelor's,4,25,53018,3,1,Yes,3,Yes
1693,22,Operations,Supervisor,Female,Single,PhD,5,22,25510,3,2,Yes,4,No
1694,51,R&D,Lab Technician,Female,Divorced,Master's,7,24,16782,1,3,Yes,4,Yes
1695,51,Operations,Supervisor,Female,Divorced,Master's,0,28,38104,4,3,No,3,No
1696,26,Finance,Accountant,Female,Single,High School,10,9,59216,2,2,Yes,1,Yes
1697,50,Operations,Supervisor,Female,Married,High School,10,12,49648,4,1,Yes,2,No
1698,26,Sales,Sales Executive,Female,Married,High School,11,2,40446,3,1,No,1,No
1699,50,Operations,Supervisor,Male,Single,Bachelor's,0,18,59676,1,1,No,4,Yes
1700,34,R&D,Lab Technician,Male,Single,High School,0,24,30475,1,4,No,2,No
1701,48,HR,HR Executive,Female,Married,Bachelor's,2,23,46440,1,3,No,1,No
1702,57,HR,HR Manager,Female,Single,Master's,5,24,39076,2,2,No,1,No
1703,24,Finance,Accountant,Female,Single,Bachelor's,4,6,34569,4,2,Yes,2,Yes
1704,56,IT,IT Support,Female,Married,Bachelor's,14,6,15000,1,4,No,3,No
1705,41,IT,Software Engineer,Male,Single,Bachelor's,5,8,56596,3,3,No,2,No
1706,31,Sales,Sales Executive,Male,Married,High School,17,11,16402,1,2,No,4,No
1707,23,HR,HR Executive,Male,Married,Bachelor's,8,12,69959,1,4,No,3,No
1708,45,IT,Software Engineer,Female,Single,Bachelor's,9,5,62467,1,4,Yes,4,Yes
1709,35,Operations,Operations Executive,Female,Single,Bachelor's,16,28,41120,2,1,No,4,No
1710,33,Finance,Financial Analyst,Male,Single,High School,14,26,50884,3,2,No,4,No
1711,25,HR,HR Executive,Male,Single,Bachelor's,17,3,23011,3,1,Yes,4,No
1712,30,IT,IT Support,Male,Single,Master's,2,6,49720,1,3,No,3,No
1713,46,R&D,Research Scientist,Male,Married,Master's,12,16,29660,2,1,No,3,No
1714,23,Finance,Financial Analyst,Male,Married,Bachelor's,7,18,48043,3,1,No,4,No
1715,54,Sales,Sales Executive,Female,Single,Bachelor's,8,12,69513,4,1,No,4,No
1716,34,HR,HR Executive,Male,Married,Master's,16,3,48954,1,3,No,3,No
1717,34,R&D,Lab Technician,Female,Married,Bachelor's,8,4,43009,1,4,No,2,No
1718,35,R&D,Research Scientist,Female,Married,Bachelor's,15,6,46250,2,1,No,2,No
1719,46,IT,IT Support,Male,Single,Master's,14,22,15000,2,3,No,4,No
1720,57,HR,HR Executive,Male,Single,Master's,0,13,43622,1,4,No,4,No
1721,30,Finance,Financial Analyst,Male,Single,PhD,0,8,42906,4,4,No,2,No
1722,30,Operations,Supervisor,Male,Married,Bachelor's,0,10,34627,1,4,No,1,No
1723,30,IT,IT Support,Male,Married,Bachelor's,3,10,52807,2,1,No,2,No
1724,26,Finance,Financial Analyst,Male,Single,Master's,18,28,24928,3,2,No,2,No
1725,44,Sales,Sales Manager,Female,Divorced,Bachelor's,13,20,16364,2,3,No,3,No
1726,43,IT,IT Support,Male,Single,Master's,13,12,47401,3,3,No,1,No
1727,23,Finance,Accountant,Female,Married,High School,13,23,66955,2,3,No,3,No
1728,40,Sales,Sales Manager,Male,Married,High School,0,24,51858,4,3,No,2,No
1729,26,R&D,Research Scientist,Male,Married,High School,18,26,32855,4,3,No,4,No
1730,30,IT,Software Engineer,Female,Single,Bachelor's,2,17,92056,4,3,No,1,No
1731,28,HR,HR Executive,Female,Married,Bachelor's,3,4,29906,1,2,No,4,No
1732,42,Finance,Financial Analyst,Female,Single,Bachelor's,1,6,44121,2,4,Yes,3,Yes
1733,56,Operations,Supervisor,Female,Single,Bachelor's,0,12,55267,3,4,No,1,No
1734,47,Sales,Sales Manager,Male,Single,Master's,9,16,29233,4,3,No,2,No
1735,34,Operations,Supervisor,Male,Single,Master's,17,25,39483,2,3,Yes,2,Yes
1736,24,Finance,Financial Analyst,Female,Single,Master's,11,27,39173,2,3,No,1,No
1737,30,Sales,Sales Manager,Female,Divorced,Master's,8,18,60498,3,4,No,2,No
1738,24,HR,HR Manager,Female,Married,Master's,14,29,38777,2,3,No,1,No
1739,57,R&D,Lab Technician,Female,Single,Bachelor's,11,26,38589,1,3,Yes,3,Yes
1740,56,Sales,Sales Manager,Male,Single,PhD,2,14,68035,1,2,Yes,1,Yes
1741,57,R&D,Lab Technician,Male,Single,Bachelor's,14,17,50918,4,3,No,3,No
1742,50,R&D,Research Scientist,Male,Single,Bachelor's,10,17,63804,2,4,No,4,No
1743,43,Finance,Accountant,Female,Single,Bachelor's,9,4,52319,1,4,No,4,No
1744,33,Finance,Financial Analyst,Female,Single,Bachelor's,10,15,27235,4,3,No,3,No
1745,54,IT,IT Support,Female,Married,Master's,3,23,36828,2,4,No,2,No
1746,36,R&D,Lab Technician,Male,Married,Master's,12,12,27185,2,4,No,2,No
1747,43,R&D,Research Scientist,Female,Married,Master's,15,15,42552,2,1,No,4,No
1748,44,Operations,Operations Executive,Female,Married,Bachelor's,15,28,56401,4,2,Yes,3,Yes
1749,51,HR,HR Manager,Female,Single,High School,6,9,34232,3,1,No,3,No
1750,42,R&D,Lab Technician,Female,Married,Bachelor's,1,1,46253,1,4,No,4,No
1751,43,Finance,Financial Analyst,Male,Married,Bachelor's,1,5,53217,3,2,No,2,No
1752,41,R&D,Research Scientist,Male,Single,Master's,10,15,52110,3,2,No,1,No
1753,57,R&D,Research Scientist,Female,Married,PhD,3,29,33392,1,4,No,2,No
1754,56,R&D,Lab Technician,Male,Married,Master's,7,14,35682,2,4,Yes,1,Yes
1755,54,HR,HR Executive,Female,Single,Master's,7,3,76349,4,1,No,1,No
1756,39,R&D,Research Scientist,Male,Married,Bachelor's,8,26,54465,2,4,No,4,No
1757,57,Operations,Supervisor,Female,Married,Bachelor's,13,6,39183,4,4,No,2,No
1758,42,Finance,Financial Analyst,Male,Married,Bachelor's,1,22,65779,4,1,No,3,No
1759,34,HR,HR Executive,Male,Single,Bachelor's,12,9,42156,1,2,No,4,No
1760,35,Sales,Sales Manager,Female,Married,High School,3,20,51992,2,3,No,3,No
1761,56,R&D,Lab Technician,Male,Married,Bachelor's,13,24,64117,3,2,No,2,No
1762,23,Sales,Sales Executive,Female,Married,Bachelor's,18,7,32438,3,3,No,3,No
1763,21,Sales,Sales Executive,Male,Married,Bachelor's,7,19,42590,1,1,No,1,No
1764,31,Operations,Supervisor,Male,Divorced,Bachelor's,2,21,25299,2,4,No,2,No
1765,43,R&D,Lab Technician,Female,Single,Bachelor's,10,23,54767,4,1,Yes,4,No
1766,53,IT,Software Engineer,Male,Married,Bachelor's,1,14,15000,1,1,No,4,No
1767,24,IT,IT Support,Male,Married,Master's,12,26,27294,1,2,No,4,No
1768,37,IT,IT Support,Female,Married,Bachelor's,10,20,55077,1,1,No,4,No
1769,51,HR,HR Executive,Female,Single,Bachelor's,2,1,15000,2,1,Yes,3,Yes
1770,50,IT,Software Engineer,Male,Single,High School,10,8,36039,4,3,Yes,2,No
1771,36,R&D,Lab Technician,Female,Single,High School,19,26,21299,4,2,No,2,No
1772,45,Finance,Financial Analyst,Male,Single,Bachelor's,12,13,49281,3,1,No,4,No
1773,43,Sales,Sales Executive,Female,Married,Master's,10,22,56312,4,1,Yes,3,Yes
1774,45,Sales,Sales Manager,Female,Single,Bachelor's,19,23,58552,3,4,No,1,No
1775,24,R&D,Lab Technician,Male,Single,Bachelor's,18,21,34970,2,2,Yes,4,Yes
1776,29,HR,HR Executive,Female,Single,Bachelor's,17,18,40614,1,4,No,3,No
1777,35,Sales,Sales Manager,Female,Single,Bachelor's,11,15,41621,2,2,No,2,No
1778,53,R&D,Research Scientist,Female,Single,High School,6,21,41841,4,4,No,4,No
1779,34,Sales,Sales Executive,Female,Single,Bachelor's,1,29,54839,1,1,Yes,2,Yes
1780,37,Finance,Accountant,Female,Married,High School,17,26,37010,1,4,No,4,No
1781,38,Finance,Financial Analyst,Female,Single,Bachelor's,11,22,38302,2,2,No,1,Yes
1782,36,HR,HR Executive,Male,Married,Master's,12,21,46330,4,2,No,1,No
1783,28,Finance,Accountant,Female,Single,Bachelor's,6,11,48321,4,2,No,2,No
1784,41,HR,HR Manager,Male,Married,High School,10,20,52924,3,1,Yes,4,Yes
1785,57,IT,IT Support,Male,Divorced,Master's,12,8,50710,1,4,Yes,3,Yes
1786,47,HR,HR Manager,Female,Married,Bachelor's,12,27,60258,2,2,Yes,2,Yes
1787,40,R&D,Research Scientist,Male,Single,PhD,9,27,48569,1,2,No,2,Yes
1788,32,Sales,Sales Manager,Male,Married,Master's,9,7,34240,1,4,Yes,4,No
1789,50,R&D,Lab Technician,Female,Married,High School,19,3,24699,4,3,No,4,No
1790,40,IT,IT Support,Female,Married,Bachelor's,4,2,15000,4,2,No,1,No
1791,47,Operations,Supervisor,Female,Single,Bachelor's,10,5,63623,4,2,Yes,3,No
1792,42,Operations,Supervisor,Male,Married,Master's,17,26,28685,3,1,No,1,No
1793,45,Sales,Sales Executive,Female,Single,Bachelor's,6,27,15327,4,1,Yes,3,Yes
1794,52,Finance,Financial Analyst,Male,Married,Master's,13,21,55613,3,1,Yes,4,Yes
1795,31,IT,Software Engineer,Male,Divorced,PhD,9,26,45624,2,2,No,3,Yes
1796,42,HR,HR Manager,Male,Married,Master's,4,6,42583,3,3,Yes,2,No
1797,41,HR,HR Executive,Female,Single,Bachelor's,5,9,22476,3,1,Yes,2,No
1798,36,HR,HR Executive,Female,Married,Bachelor's,7,24,47076,3,1,Yes,4,No
1799,39,IT,Software Engineer,Female,Married,Bachelor's,0,10,54029,4,3,Yes,1,No
1800,38,Finance,Accountant,Female,Single,Bachelor's,10,11,62301,3,3,No,3,No
1801,36,HR,HR Executive,Female,Single,Bachelor's,3,7,57635,1,2,No,1,No
1802,50,Operations,Supervisor,Male,Married,Bachelor's,9,14,35789,2,3,Yes,3,No
1803,29,IT,Software Engineer,Male,Single,Bachelor's,18,14,62410,3,4,No,2,No
1804,45,Finance,Accountant,Female,Married,Bachelor's,19,28,55581,2,1,No,4,Yes
1805,48,R&D,Research Scientist,Female,Single,Master's,8,9,40762,4,2,Yes,3,No
1806,23,Sales,Sales Manager,Female,Married,High School,14,28,68898,3,3,Yes,4,No
1807,26,Sales,Sales Manager,Male,Single,Bachelor's,12,19,62560,1,2,No,1,No
1808,29,Sales,Sales Manager,Female,Single,Master's,3,16,42489,2,4,No,2,No
1809,36,Sales,Sales Executive,Male,Married,Bachelor's,13,15,48542,1,1,No,4,No
1810,34,Operations,Operations Executive,Female,Married,Bachelor's,15,19,39554,2,1,No,3,No
1811,43,HR,HR Manager,Female,Divorced,Bachelor's,14,6,64857,2,2,No,3,No
1812,26,Finance,Accountant,Male,Married,Bachelor's,9,16,51675,1,4,No,4,No
1813,28,Finance,Financial Analyst,Male,Married,Master's,7,13,33335,1,3,Yes,4,No
1814,51,R&D,Lab Technician,Female,Single,High School,3,20,72362,4,3,No,2,No
1815,45,Sales,Sales Executive,Male,Single,Bachelor's,6,11,51295,4,1,No,4,No
1816,39,HR,HR Manager,Female,Married,Master's,18,28,43722,3,4,Yes,4,No
1817,33,R&D,Lab Technician,Female,Married,PhD,1,14,34143,1,2,Yes,4,Yes
1818,35,Sales,Sales Executive,Female,Married,Bachelor's,5,21,28965,1,1,No,1,No
1819,40,R&D,Lab Technician,Female,Single,High School,2,2,53816,2,3,No,2,No
1820,22,HR,HR Manager,Female,Single,High School,11,20,42924,4,1,No,2,No
1821,28,HR,HR Manager,Male,Married,Bachelor's,8,7,54846,2,2,No,4,No
1822,55,R&D,Research Scientist,Female,Married,PhD,14,8,15000,4,3,No,4,No
1823,28,Sales,Sales Executive,Female,Divorced,Bachelor's,16,19,44661,4,1,No,1,No
1824,39,IT,IT Support,Female,Single,Bachelor's,6,15,34785,1,4,Yes,4,Yes
1825,22,Operations,Operations Executive,Female,Divorced,Bachelor's,7,18,63336,1,1,No,3,No
1826,55,IT,Software Engineer,Male,Married,Master's,10,11,55190,1,3,No,4,No
1827,37,IT,Software Engineer,Female,Married,Bachelor's,4,3,27441,1,4,No,4,No
1828,40,Sales,Sales Executive,Male,Married,Bachelor's,5,13,46217,4,2,No,2,No
1829,27,Operations,Operations Executive,Male,Single,Bachelor's,9,27,47724,3,3,No,1,No
1830,42,IT,Software Engineer,Male,Married,Bachelor's,4,21,44281,3,2,No,2,No
1831,48,Operations,Operations Executive,Female,Married,Bachelor's,18,6,46391,1,3,No,1,No
1832,32,R&D,Lab Technician,Female,Single,High School,4,21,44978,2,4,Yes,4,No
1833,28,HR,HR Executive,Male,Single,Master's,6,1,49101,3,1,No,4,No
1834,51,Sales,Sales Executive,Female,Single,Master's,18,26,29585,1,1,Yes,1,Yes
1835,27,HR,HR Manager,Female,Single,PhD,7,27,41758,3,4,No,2,No
1836,22,Operations,Supervisor,Female,Divorced,Master's,18,16,50466,4,2,Yes,3,Yes
1837,53,Finance,Accountant,Male,Married,Bachelor's,13,27,43601,3,2,No,3,No
1838,39,Finance,Accountant,Male,Single,Bachelor's,14,25,54580,4,4,No,3,No
1839,45,R&D,Research Scientist,Female,Single,Master's,0,27,36514,3,1,No,2,No
1840,31,Operations,Operations Executive,Female,Married,Bachelor's,17,10,56720,2,2,Yes,4,Yes
1841,56,Sales,Sales Executive,Male,Divorced,Master's,15,3,46850,3,4,No,4,No
1842,28,HR,HR Manager,Male,Single,Bachelor's,10,12,47750,1,4,No,2,No
1843,31,IT,IT Support,Male,Single,Master's,11,7,43061,3,1,No,3,No
1844,40,Sales,Sales Executive,Male,Single,Master's,13,27,25859,3,1,No,2,No
1845,36,R&D,Research Scientist,Female,Married,Master's,11,6,22748,4,2,No,1,No
1846,36,Finance,Accountant,Male,Married,High School,9,28,50073,1,1,No,1,No
1847,30,IT,IT Support,Male,Married,Master's,7,4,31110,2,4,No,4,No
1848,57,HR,HR Manager,Female,Single,Bachelor's,19,1,45953,3,4,No,3,No
1849,28,Sales,Sales Executive,Male,Married,Bachelor's,18,17,35765,4,1,Yes,3,No
1850,54,R&D,Research Scientist,Female,Single,Bachelor's,12,24,60830,1,3,No,3,No
1851,47,IT,Software Engineer,Male,Married,Bachelor's,5,16,47275,2,1,Yes,3,Yes
1852,40,HR,HR Executive,Male,Married,High School,8,22,38507,4,3,No,1,No
1853,57,HR,HR Manager,Female,Single,PhD,11,10,39538,2,4,No,2,No
1854,42,Sales,Sales Manager,Female,Divorced,Bachelor's,19,9,61460,4,4,No,4,No
1855,23,Sales,Sales Manager,Female,Single,High School,16,28,43464,4,2,Yes,4,No
1856,47,HR,HR Executive,Male,Married,Bachelor's,18,20,48982,2,3,Yes,4,No
1857,27,R&D,Lab Technician,Female,Single,Bachelor's,3,10,30599,2,1,No,2,No
1858,32,Operations,Supervisor,Female,Married,Master's,13,19,40529,4,3,Yes,3,No
1859,53,R&D,Research Scientist,Female,Married,Bachelor's,1,23,60122,3,3,No,4,No
1860,32,R&D,Research Scientist,Female,Married,Bachelor's,3,16,48358,2,1,No,1,No
1861,47,IT,Software Engineer,Male,Married,Bachelor's,17,5,62372,3,1,Yes,4,Yes
1862,57,Sales,Sales Executive,Female,Married,Bachelor's,14,1,30869,3,3,No,2,No
1863,44,R&D,Research Scientist,Male,Married,Bachelor's,3,15,22067,4,3,No,2,No
1864,32,HR,HR Executive,Male,Single,Master's,10,9,47110,2,3,No,3,No
1865,38,R&D,Research Scientist,Female,Married,Master's,2,19,60669,2,1,No,1,No
1866,37,Finance,Financial Analyst,Male,Single,Bachelor's,6,18,50614,1,2,No,4,No
1867,43,Operations,Supervisor,Male,Single,High School,17,10,42345,4,2,No,1,No
1868,49,Operations,Supervisor,Female,Divorced,Master's,9,14,38381,2,4,Yes,4,Yes
1869,52,HR,HR Manager,Female,Married,High School,15,25,43139,4,1,No,2,No
1870,27,Sales,Sales Manager,Female,Divorced,Master's,19,22,43884,4,4,No,3,No
1871,42,R&D,Lab Technician,Male,Single,Bachelor's,1,13,38116,1,3,Yes,2,Yes
1872,24,Sales,Sales Executive,Male,Single,Bachelor's,0,19,25089,1,4,Yes,3,No
1873,23,Sales,Sales Manager,Female,Single,Bachelor's,5,10,63733,4,2,Yes,1,No
1874,25,Sales,Sales Manager,Female,Divorced,Master's,11,20,17474,4,1,Yes,1,No
1875,45,Finance,Accountant,Female,Married,Bachelor's,1,17,44394,3,2,No,4,No
1876,42,Finance,Financial Analyst,Male,Divorced,Master's,2,16,34926,3,3,Yes,1,No
1877,41,Finance,Financial Analyst,Male,Divorced,Master's,8,7,42985,2,3,No,1,No
1878,33,HR,HR Manager,Female,Married,High School,19,28,27115,3,1,No,4,No
1879,40,Sales,Sales Executive,Female,Divorced,Master's,3,2,37856,1,2,Yes,3,No
1880,56,IT,Software Engineer,Female,Married,Bachelor's,10,27,34874,4,2,No,4,No
1881,31,Sales,Sales Executive,Male,Married,High School,17,5,24544,1,4,Yes,1,No
1882,37,Finance,Accountant,Male,Married,Bachelor's,11,16,19781,1,3,No,2,No
1883,23,Sales,Sales Executive,Male,Married,Master's,11,25,46862,2,2,No,3,Yes
1884,24,HR,HR Manager,Male,Single,Bachelor's,10,2,55330,4,1,Yes,3,No
1885,21,HR,HR Manager,Male,Divorced,Bachelor's,6,4,37895,4,4,No,4,No
1886,39,Sales,Sales Manager,Male,Married,Bachelor's,17,26,71235,4,3,No,4,No
1887,39,R&D,Lab Technician,Male,Married,Master's,9,7,57642,2,3,No,1,No
1888,24,Operations,Operations Executive,Female,Married,Master's,2,1,31894,1,4,No,1,No
1889,54,Operations,Operations Executive,Male,Divorced,Bachelor's,8,14,68118,3,3,No,4,No
1890,48,IT,IT Support,Female,Married,Bachelor's,4,11,65410,2,4,Yes,2,Yes
1891,28,IT,Software Engineer,Female,Divorced,Bachelor's,1,9,42521,1,3,No,4,No
1892,46,R&D,Research Scientist,Female,Divorced,Master's,15,11,62967,1,2,Yes,4,Yes
1893,42,IT,Software Engineer,Female,Single,PhD,1,17,45295,2,4,No,4,No
1894,25,R&D,Research Scientist,Female,Married,Master's,18,4,39717,1,1,Yes,2,Yes
1895,33,HR,HR Manager,Female,Married,Master's,10,5,36502,1,4,Yes,4,No
1896,55,Sales,Sales Executive,Female,Single,High School,1,1,48114,2,1,No,1,Yes
1897,46,R&D,Lab Technician,Male,Married,High School,11,12,50549,4,2,Yes,2,Yes
1898,56,Operations,Operations Executive,Male,Married,Bachelor's,11,29,54180,2,1,No,3,No
1899,31,HR,HR Manager,Male,Married,Bachelor's,16,28,31408,4,3,No,1,No
1900,45,Finance,Financial Analyst,Female,Single,Bachelor's,4,7,45136,4,3,No,4,No
1901,34,Sales,Sales Manager,Female,Married,Bachelor's,13,24,15000,3,1,Yes,4,Yes
1902,33,Sales,Sales Manager,Female,Divorced,Master's,13,23,63471,4,1,No,1,No
1903,26,Operations,Operations Executive,Male,Single,High School,11,8,45156,1,1,No,1,No
1904,50,Operations,Operations Executive,Male,Single,Master's,15,24,51527,4,2,No,4,No
1905,45,R&D,Research Scientist,Male,Single,Bachelor's,14,14,40882,1,3,No,4,No
1906,38,R&D,Lab Technician,Female,Divorced,Bachelor's,18,13,34008,4,2,No,2,No
1907,38,Operations,Supervisor,Male,Divorced,Bachelor's,18,1,35904,3,2,No,1,No
1908,51,Sales,Sales Manager,Male,Married,High School,4,16,62007,2,2,Yes,1,Yes
1909,43,Sales,Sales Executive,Female,Married,Master's,8,7,71125,4,4,Yes,2,No
1910,47,R&D,Research Scientist,Male,Single,Bachelor's,11,22,41601,1,1,Yes,4,Yes
1911,33,R&D,Lab Technician,Male,Single,High School,10,3,28453,4,3,No,4,No
1912,22,IT,Software Engineer,Male,Married,Master's,1,28,54605,4,2,Yes,4,Yes
1913,28,Sales,Sales Executive,Female,Single,Bachelor's,9,1,18021,3,1,Yes,4,No
1914,44,HR,HR Manager,Male,Married,PhD,3,22,36074,2,3,No,3,No
1915,50,HR,HR Executive,Female,Married,Bachelor's,14,20,18389,2,3,No,1,No
1916,50,R&D,Research Scientist,Male,Single,Bachelor's,16,11,47861,4,2,No,1,No
1917,28,Finance,Accountant,Female,Divorced,High School,5,18,59296,4,2,No,3,No
1918,28,HR,HR Executive,Female,Single,Master's,3,26,36246,3,4,Yes,2,No
1919,38,Finance,Accountant,Female,Single,Bachelor's,7,19,64190,2,4,Yes,2,No
1920,57,Operations,Supervisor,Female,Single,Bachelor's,4,4,25764,3,3,No,2,No
1921,32,Operations,Supervisor,Female,Single,Bachelor's,8,8,69442,2,2,No,3,No
1922,28,HR,HR Executive,Male,Married,Master's,12,29,54919,4,3,Yes,4,No
1923,33,Sales,Sales Executive,Male,Married,High School,19,11,45548,2,2,Yes,2,Yes
1924,48,Sales,Sales Manager,Male,Married,Bachelor's,3,1,46095,2,4,No,1,No
1925,37,Finance,Financial Analyst,Female,Married,Bachelor's,19,8,52988,4,2,No,3,No
1926,34,Sales,Sales Manager,Male,Married,Bachelor's,18,8,36270,4,3,Yes,1,No
1927,26,Operations,Operations Executive,Female,Divorced,Master's,3,8,25862,2,1,No,2,No
1928,47,Finance,Accountant,Female,Single,Bachelor's,3,27,55614,1,1,No,2,No
1929,41,R&D,Research Scientist,Female,Married,Bachelor's,12,3,24169,1,3,No,3,No
1930,53,HR,HR Executive,Male,Single,Master's,17,7,56763,1,1,Yes,2,Yes
1931,56,Finance,Accountant,Female,Single,Bachelor's,12,27,38349,4,2,Yes,3,No
1932,54,HR,HR Executive,Female,Single,Bachelor's,4,6,60470,1,2,No,1,No
1933,38,HR,HR Executive,Female,Married,High School,9,26,65815,3,3,No,3,No
1934,35,HR,HR Manager,Male,Single,High School,1,20,59735,4,1,No,2,No
1935,57,R&D,Lab Technician,Male,Single,Bachelor's,13,25,99462,4,1,Yes,1,No
1936,21,HR,HR Manager,Male,Single,Bachelor's,14,1,63862,4,2,Yes,1,No
1937,52,R&D,Research Scientist,Female,Single,Bachelor's,19,17,58263,4,2,No,1,No
1938,42,HR,HR Manager,Male,Single,Bachelor's,0,7,55893,4,2,No,3,No
1939,31,Operations,Supervisor,Female,Married,High School,11,15,34565,2,2,Yes,3,No
1940,44,Operations,Supervisor,Female,Married,PhD,12,17,53661,3,3,No,2,No
1941,46,HR,HR Manager,Male,Married,Bachelor's,14,16,51110,2,2,No,1,No
1942,45,Operations,Operations Executive,Female,Married,Bachelor's,4,1,62487,4,1,No,2,No
1943,45,Sales,Sales Executive,Male,Married,Master's,5,3,30687,2,3,Yes,4,No
1944,43,IT,Software Engineer,Male,Single,Bachelor's,10,15,21851,4,1,No,2,No
1945,42,Sales,Sales Manager,Male,Married,Master's,2,18,21901,4,4,No,3,No
1946,34,Sales,Sales Manager,Male,Single,Bachelor's,12,22,51834,3,2,Yes,3,Yes
1947,26,Sales,Sales Executive,Female,Single,Bachelor's,9,10,32330,2,3,Yes,1,Yes
1948,41,R&D,Research Scientist,Female,Married,Bachelor's,13,16,25497,2,2,No,4,No
1949,30,R&D,Research Scientist,Male,Married,Bachelor's,13,13,33742,2,3,Yes,1,Yes
1950,40,HR,HR Manager,Male,Married,Bachelor's,2,22,58351,4,4,No,4,No
1951,31,Sales,Sales Manager,Male,Married,Bachelor's,6,9,60676,4,1,No,2,No
1952,34,R&D,Research Scientist,Female,Married,Master's,13,7,26689,1,3,No,2,No
1953,24,Finance,Financial Analyst,Male,Single,Master's,6,16,62691,4,1,No,2,No
1954,31,HR,HR Manager,Male,Married,Master's,8,16,40229,4,3,Yes,4,No
1955,28,R&D,Lab Technician,Male,Married,Bachelor's,3,10,54792,2,3,No,4,No
1956,53,HR,HR Manager,Female,Divorced,Master's,5,2,42328,3,1,No,3,No
1957,30,HR,HR Manager,Male,Married,Bachelor's,5,20,43297,3,2,No,4,No
1958,24,Sales,Sales Executive,Female,Single,Bachelor's,8,12,48377,2,3,No,1,No
1959,32,Finance,Financial Analyst,Female,Single,Bachelor's,11,5,49800,3,2,Yes,2,No
1960,34,IT,IT Support,Male,Single,Bachelor's,9,10,15000,1,4,No,4,No
1961,53,R&D,Lab Technician,Male,Single,High School,18,24,20910,4,4,Yes,2,No
1962,32,Operations,Supervisor,Female,Single,Bachelor's,6,27,30245,2,3,Yes,1,Yes
1963,55,Sales,Sales Executive,Male,Married,Bachelor's,19,1,45589,1,1,No,4,No
1964,38,Finance,Financial Analyst,Male,Married,Master's,7,1,58233,2,3,Yes,1,No
1965,50,Sales,Sales Executive,Male,Single,Master's,9,26,48685,4,3,Yes,4,No
1966,48,R&D,Research Scientist,Male,Single,Bachelor's,7,8,35773,4,2,Yes,4,No
1967,32,Sales,Sales Manager,Female,Married,High School,10,14,35876,3,3,No,4,No
1968,56,IT,IT Support,Female,Married,Bachelor's,18,27,29821,4,3,No,2,No
1969,45,IT,IT Support,Male,Married,PhD,6,17,34667,4,3,No,1,No
1970,55,Sales,Sales Executive,Male,Single,Bachelor's,9,8,34704,1,1,Yes,1,No
1971,40,Operations,Supervisor,Male,Single,Bachelor's,17,29,74154,1,1,Yes,2,Yes
1972,47,HR,HR Manager,Male,Married,Bachelor's,8,11,47072,3,4,No,2,No
1973,35,IT,IT Support,Male,Single,Bachelor's,3,14,37575,4,2,No,2,No
1974,44,IT,IT Support,Female,Married,Master's,10,5,40324,4,4,Yes,2,No
1975,40,Finance,Accountant,Female,Single,High School,10,5,62696,3,1,No,4,No
1976,28,Finance,Financial Analyst,Female,Married,Master's,5,5,31183,2,4,No,2,No
1977,28,IT,Software Engineer,Female,Married,High School,12,17,36103,2,1,No,4,No
1978,27,R&D,Research Scientist,Male,Married,Master's,18,13,32565,1,2,Yes,2,No
1979,48,Operations,Operations Executive,Female,Single,Bachelor's,7,27,58685,2,3,Yes,3,Yes
1980,46,R&D,Research Scientist,Female,Married,Master's,5,10,58767,1,1,No,2,No
1981,23,IT,IT Support,Female,Single,Master's,8,19,42389,1,1,No,4,No
1982,52,Operations,Operations Executive,Male,Married,PhD,3,13,41015,4,3,No,2,No
1983,40,HR,HR Executive,Male,Married,Bachelor's,13,13,44770,1,4,Yes,1,No
1984,51,Sales,Sales Manager,Male,Divorced,Master's,0,25,59648,2,2,No,3,No
1985,38,Operations,Supervisor,Female,Married,Bachelor's,12,25,59008,2,1,Yes,3,Yes
1986,33,Sales,Sales Manager,Female,Married,Master's,16,9,59506,2,4,No,2,No
1987,32,Finance,Financial Analyst,Male,Married,Bachelor's,15,26,16677,2,4,No,4,No
1988,57,IT,IT Support,Male,Married,High School,12,23,46254,1,2,No,1,Yes
1989,33,HR,HR Manager,Male,Married,High School,7,9,66655,1,2,No,3,No
1990,39,Operations,Supervisor,Male,Divorced,High School,5,10,47883,1,1,No,1,No
1991,49,R&D,Lab Technician,Male,Single,High School,0,20,65545,3,3,No,2,No
1992,35,Finance,Financial Analyst,Female,Married,Bachelor's,4,5,66580,3,1,No,2,No
1993,22,Sales,Sales Manager,Female,Single,Bachelor's,12,20,15000,1,1,Yes,4,No
1994,37,Operations,Operations Executive,Male,Single,Bachelor's,13,12,25038,4,3,No,2,No
1995,47,IT,Software Engineer,Female,Married,Bachelor's,12,22,23420,2,2,No,1,Yes
1996,36,HR,HR Executive,Male,Divorced,High School,0,19,42667,3,3,No,4,No
1997,45,R&D,Lab Technician,Female,Married,High School,17,2,27744,2,2,No,2,No
1998,39,Finance,Accountant,Female,Married,High School,10,10,66330,3,4,No,3,No
1999,38,Finance,Financial Analyst,Male,Single,Bachelor's,18,27,15000,4,3,Yes,2,No
2000,24,R&D,Lab Technician,Female,Single,Master's,9,16,72927,4,4,No,3,No
2001,53,Operations,Operations Executive,Male,Married,High School,15,8,54117,4,4,Yes,3,No
2002,23,R&D,Lab Technician,Female,Divorced,Master's,19,20,15000,1,2,No,1,No
2003,55,Operations,Operations Executive,Male,Married,Bachelor's,10,29,60191,4,3,No,1,No
2004,27,Operations,Operations Executive,Female,Single,Bachelor's,14,25,51126,1,2,No,4,No
2005,52,Finance,Accountant,Male,Married,Bachelor's,13,7,61537,2,1,No,2,No
2006,21,IT,IT Support,Male,Married,Bachelor's,9,4,63393,4,4,No,1,No
2007,37,R&D,Research Scientist,Female,Divorced,Master's,3,25,62291,3,2,No,1,No
2008,34,Sales,Sales Manager,Female,Single,High School,9,15,53411,2,1,No,3,No
2009,56,IT,IT Support,Female,Married,Bachelor's,17,11,54171,1,4,No,1,No
2010,50,Finance,Accountant,Male,Married,Bachelor's,12,14,42094,4,2,Yes,2,No
2011,42,Finance,Financial Analyst,Male,Single,Bachelor's,10,22,69459,1,1,No,3,No
2012,41,Sales,Sales Executive,Male,Single,High School,14,8,23789,2,1,No,1,No
2013,45,HR,HR Executive,Male,Single,Bachelor's,14,3,40575,4,1,No,2,No
2014,48,IT,IT Support,Male,Married,Bachelor's,2,4,47007,2,1,No,1,No
2015,29,IT,Software Engineer,Female,Married,Bachelor's,16,23,18747,1,1,Yes,1,Yes
2016,40,Sales,Sales Manager,Male,Single,Bachelor's,0,27,22491,2,3,No,1,No
2017,27,HR,HR Manager,Male,Single,High School,6,27,36345,3,2,Yes,3,Yes
2018,36,Finance,Financial Analyst,Female,Single,Bachelor's,13,8,31369,4,4,No,3,No
2019,47,Operations,Supervisor,Female,Single,Bachelor's,1,11,65751,3,1,No,4,No
2020,36,R&D,Lab Technician,Female,Married,Bachelor's,3,16,36024,1,4,No,4,No
2021,54,IT,Software Engineer,Male,Single,Bachelor's,1,17,66475,3,4,No,1,No
2022,43,HR,HR Executive,Male,Married,Master's,9,12,52114,3,1,Yes,4,No
2023,41,R&D,Research Scientist,Male,Married,Master's,13,6,54277,3,1,No,4,No
2024,24,R&D,Lab Technician,Female,Single,Bachelor's,4,29,69324,2,4,No,2,No
2025,42,Finance,Financial Analyst,Female,Single,High School,8,8,15000,2,1,Yes,1,Yes
2026,32,R&D,Research Scientist,Female,Married,Master's,3,3,41231,2,1,No,3,No
2027,26,IT,Software Engineer,Female,Married,Bachelor's,5,15,40587,4,2,Yes,2,No
2028,31,R&D,Research Scientist,Male,Single,Bachelor's,19,22,51252,2,3,No,3,No
2029,21,Finance,Financial Analyst,Female,Married,Bachelor's,8,1,30354,3,4,No,3,No
2030,50,Sales,Sales Executive,Male,Married,PhD,2,8,65259,4,4,Yes,2,No
2031,40,Operations,Supervisor,Male,Single,Master's,6,16,43815,3,3,No,1,No
2032,21,HR,HR Manager,Male,Married,Master's,9,28,15516,1,2,No,4,No
2033,31,HR,HR Executive,Female,Single,Bachelor's,19,27,43382,4,3,Yes,1,No
2034,42,R&D,Research Scientist,Male,Married,Master's,16,13,45562,3,3,No,2,No
2035,30,IT,IT Support,Female,Single,High School,4,6,47780,4,1,Yes,3,No
2036,23,IT,IT Support,Male,Married,Bachelor's,11,6,34893,4,4,Yes,3,No
2037,26,Operations,Supervisor,Female,Married,Bachelor's,3,18,55748,3,1,No,2,No
2038,32,IT,Software Engineer,Male,Married,Bachelor's,8,13,77165,2,4,Yes,4,No
2039,37,IT,IT Support,Male,Single,Master's,5,17,46963,2,2,Yes,4,Yes
2040,35,Sales,Sales Manager,Male,Married,Bachelor's,3,11,51258,3,3,No,1,No
2041,36,Operations,Supervisor,Male,Married,Master's,10,7,49498,2,1,No,3,No
2042,31,Operations,Operations Executive,Male,Single,Bachelor's,12,11,58388,3,3,No,3,No
2043,50,HR,HR Manager,Female,Married,Bachelor's,4,18,57745,3,4,No,4,No
2044,36,Operations,Operations Executive,Male,Married,Bachelor's,9,27,38649,3,3,Yes,2,No
2045,41,Operations,Supervisor,Male,Married,Bachelor's,17,24,26853,4,4,No,4,No
2046,44,IT,IT Support,Male,Single,Master's,18,18,50504,2,4,No,1,No
2047,27,Operations,Operations Executive,Male,Married,Master's,9,9,31852,4,2,No,1,No
2048,33,IT,Software Engineer,Male,Married,Bachelor's,7,12,40449,1,3,No,1,No
2049,37,Operations,Supervisor,Female,Married,High School,0,12,35706,4,2,No,2,No
2050,22,R&D,Research Scientist,Female,Single,Bachelor's,4,13,23560,4,4,Yes,4,No
2051,41,IT,IT Support,Female,Married,Master's,10,28,62637,3,4,Yes,1,No
2052,36,IT,IT Support,Female,Single,Bachelor's,7,17,77188,2,1,No,3,No
2053,45,IT,Software Engineer,Male,Married,Bachelor's,17,3,61634,4,4,No,3,No
2054,51,HR,HR Manager,Male,Single,Master's,10,12,42899,1,1,No,3,No
2055,21,Sales,Sales Executive,Male,Single,Bachelor's,19,3,57520,2,4,No,1,No
2056,40,Operations,Supervisor,Male,Married,Bachelor's,1,4,47972,1,2,Yes,3,Yes
2057,53,Operations,Operations Executive,Female,Single,High School,18,6,15000,3,1,Yes,4,Yes
2058,34,Sales,Sales Executive,Male,Divorced,Master's,14,23,29629,1,2,No,1,No
2059,53,Sales,Sales Manager,Male,Married,Bachelor's,7,23,28505,4,4,Yes,1,No
2060,24,IT,IT Support,Male,Married,PhD,16,6,32502,3,1,Yes,3,No
2061,56,HR,HR Executive,Male,Single,Bachelor's,6,26,47009,3,1,No,2,No
2062,31,Sales,Sales Executive,Male,Married,Master's,13,10,60419,2,1,Yes,3,No
2063,38,IT,IT Support,Male,Single,High School,0,9,72982,2,4,No,1,No
2064,43,Sales,Sales Executive,Female,Divorced,Bachelor's,7,25,30871,1,4,Yes,2,No
2065,48,HR,HR Manager,Female,Single,Master's,10,13,29348,1,2,Yes,4,Yes
2066,33,Finance,Financial Analyst,Male,Single,Master's,11,1,33983,2,1,No,2,No
2067,22,Finance,Accountant,Male,Single,Master's,10,27,55276,2,1,No,3,Yes
2068,45,Finance,Financial Analyst,Male,Married,High School,16,8,55455,2,4,No,4,No
2069,26,IT,IT Support,Male,Single,Bachelor's,5,3,33559,2,3,No,3,No
2070,56,Sales,Sales Executive,Female,Married,Master's,16,23,35165,1,2,No,4,Yes
2071,30,Operations,Supervisor,Male,Married,Bachelor's,17,19,41712,3,3,No,3,No
2072,24,HR,HR Executive,Male,Married,Bachelor's,7,27,48691,2,1,No,3,No
2073,54,HR,HR Manager,Female,Married,Bachelor's,12,16,48079,3,2,No,4,No
2074,56,Sales,Sales Executive,Female,Single,High School,8,15,55226,1,1,No,2,No
2075,32,Operations,Operations Executive,Male,Single,Master's,19,7,17682,3,3,Yes,2,No
2076,44,Sales,Sales Executive,Male,Married,Master's,0,12,60218,3,4,Yes,4,Yes
2077,25,HR,HR Executive,Male,Married,High School,3,22,50066,1,2,Yes,3,Yes
2078,24,Finance,Accountant,Male,Married,High School,4,3,15000,3,1,Yes,2,No
2079,39,Operations,Supervisor,Male,Divorced,Master's,10,23,34301,1,4,Yes,3,Yes
2080,24,Sales,Sales Executive,Male,Married,High School,0,9,43537,3,3,Yes,3,No
2081,41,Sales,Sales Manager,Male,Married,Bachelor's,4,1,41995,3,4,No,3,No
2082,44,Finance,Financial Analyst,Male,Married,High School,18,28,44331,1,4,Yes,1,No
2083,38,Sales,Sales Manager,Male,Married,Bachelor's,19,16,44498,3,2,No,3,No
2084,28,Finance,Accountant,Male,Single,Master's,5,4,43025,3,1,Yes,2,No
2085,37,Operations,Supervisor,Female,Married,Bachelor's,3,16,54166,4,2,No,2,No
2086,49,IT,IT Support,Female,Married,Bachelor's,15,28,34756,3,1,No,2,No
2087,51,Operations,Supervisor,Male,Single,Bachelor's,14,17,67588,3,2,No,4,No
2088,28,Sales,Sales Manager,Male,Married,Master's,2,18,39134,4,1,Yes,2,No
2089,38,IT,Software Engineer,Male,Married,Master's,8,16,50455,3,4,No,1,No
2090,33,Finance,Financial Analyst,Male,Single,Bachelor's,6,2,51170,1,4,No,3,No
2091,36,R&D,Research Scientist,Male,Married,Bachelor's,13,23,35866,1,3,Yes,2,No
2092,25,Operations,Supervisor,Female,Married,Bachelor's,8,14,43998,4,3,No,1,No
2093,31,HR,HR Executive,Female,Married,Master's,18,17,30226,4,1,Yes,3,No
2094,22,HR,HR Executive,Male,Single,Bachelor's,19,22,77666,2,2,Yes,4,Yes
2095,24,Sales,Sales Manager,Male,Single,Bachelor's,12,11,61354,2,2,No,1,No
2096,33,Finance,Accountant,Female,Single,Master's,14,19,51546,2,4,No,2,No
2097,43,R&D,Research Scientist,Male,Single,Master's,13,16,36361,1,2,No,2,No
2098,36,Operations,Operations Executive,Female,Single,Bachelor's,14,27,61097,3,2,No,3,No
2099,41,Finance,Financial Analyst,Female,Married,Bachelor's,9,2,34842,2,4,No,4,No
2100,35,IT,Software Engineer,Male,Divorced,Bachelor's,2,18,50255,4,2,No,1,No
2101,41,Finance,Accountant,Male,Single,Bachelor's,11,24,64790,2,1,No,1,No
2102,57,HR,HR Manager,Male,Single,Master's,0,10,37954,4,2,No,4,No
2103,27,R&D,Research Scientist,Female,Married,Bachelor's,13,13,44251,1,3,No,2,No
2104,38,Operations,Supervisor,Male,Married,Bachelor's,14,11,38384,1,3,No,2,No
2105,47,HR,HR Manager,Female,Single,Master's,15,4,61338,2,4,Yes,3,Yes
2106,31,Operations,Operations Executive,Female,Married,Bachelor's,0,20,15837,3,1,No,1,No
2107,24,R&D,Lab Technician,Female,Single,Bachelor's,0,26,65884,1,3,No,4,No
2108,32,Finance,Financial Analyst,Male,Married,Master's,4,4,38247,4,2,Yes,1,Yes
2109,37,HR,HR Executive,Female,Single,Master's,0,17,64640,2,1,No,4,No
2110,40,Finance,Financial Analyst,Female,Married,Bachelor's,6,27,41031,1,3,Yes,4,Yes
2111,53,Finance,Accountant,Male,Married,High School,10,14,39820,3,3,No,1,No
2112,56,HR,HR Manager,Female,Married,Master's,7,29,45436,2,4,Yes,3,No
2113,38,Sales,Sales Executive,Male,Married,Master's,11,15,58687,3,2,No,3,No
2114,26,IT,Software Engineer,Male,Single,Bachelor's,16,22,55205,3,3,No,1,No
2115,24,IT,Software Engineer,Male,Single,PhD,7,23,15566,4,4,No,3,No
2116,48,HR,HR Manager,Female,Married,Master's,8,9,57706,2,4,Yes,3,No
2117,35,IT,IT Support,Female,Single,High School,19,26,20596,3,3,No,2,No
2118,25,Finance,Accountant,Male,Single,Master's,18,9,32197,4,3,No,1,No
2119,55,R&D,Lab Technician,Male,Married,Bachelor's,8,19,28154,2,3,Yes,4,No
2120,31,Finance,Accountant,Male,Single,Bachelor's,2,11,25221,2,3,No,4,No
2121,41,Sales,Sales Manager,Female,Single,Bachelor's,19,9,48386,1,1,Yes,1,Yes
2122,34,R&D,Lab Technician,Female,Divorced,Bachelor's,4,21,59273,2,2,No,3,No
2123,32,Sales,Sales Manager,Female,Married,Bachelor's,3,24,25868,3,3,No,1,No
2124,42,IT,IT Support,Female,Single,Bachelor's,12,8,48691,3,1,No,4,No
2125,22,Finance,Accountant,Male,Married,Bachelor's,8,8,48034,2,1,Yes,2,Yes
2126,34,Operations,Supervisor,Female,Married,Bachelor's,19,25,41858,4,2,No,2,No
2127,40,Finance,Financial Analyst,Male,Single,Bachelor's,7,14,51605,2,2,Yes,2,Yes
2128,35,HR,HR Manager,Female,Single,Bachelor's,18,3,43456,1,1,No,1,No
2129,53,Sales,Sales Executive,Male,Married,High School,11,16,43374,3,1,No,1,No
2130,47,Operations,Supervisor,Female,Single,High School,10,11,30922,4,4,No,1,No
2131,46,Operations,Operations Executive,Female,Single,PhD,13,15,34931,1,2,No,4,No
2132,43,Sales,Sales Executive,Female,Married,Master's,11,18,63117,2,4,No,1,No
2133,30,Finance,Financial Analyst,Female,Married,Bachelor's,19,15,64644,1,4,No,4,No
2134,53,R&D,Lab Technician,Male,Married,Bachelor's,13,4,75214,1,4,Yes,3,No
2135,33,HR,HR Executive,Female,Divorced,Bachelor's,12,4,56493,1,1,Yes,2,Yes
2136,53,IT,Software Engineer,Female,Married,Master's,8,17,40408,1,2,No,4,No
2137,31,HR,HR Manager,Male,Married,Bachelor's,5,18,51080,1,4,Yes,2,Yes
2138,24,Finance,Accountant,Female,Single,Master's,4,3,42310,3,3,Yes,4,No
2139,50,R&D,Research Scientist,Male,Married,Bachelor's,18,17,42969,3,4,No,2,No
2140,34,Operations,Operations Executive,Male,Married,Bachelor's,10,22,67411,4,2,No,1,No
2141,46,R&D,Research Scientist,Female,Single,Bachelor's,5,10,43144,2,4,Yes,2,No
2142,44,IT,Software Engineer,Male,Single,PhD,7,6,51432,2,4,No,1,No
2143,56,Finance,Accountant,Female,Single,Bachelor's,5,10,55093,1,2,Yes,4,Yes
2144,23,Finance,Accountant,Female,Single,Bachelor's,9,21,58220,3,3,No,2,No
2145,48,Operations,Supervisor,Male,Married,Bachelor's,4,17,51618,2,4,No,4,No
2146,51,R&D,Research Scientist,Female,Married,Master's,14,4,27150,2,3,Yes,1,Yes
2147,48,R&D,Lab Technician,Male,Single,PhD,1,9,52143,1,4,No,1,No
2148,37,Operations,Supervisor,Male,Divorced,Master's,17,27,35151,2,3,No,4,No
2149,57,R&D,Lab Technician,Male,Married,Bachelor's,15,22,33930,2,2,No,1,No
2150,52,Sales,Sales Executive,Male,Divorced,High School,10,13,51699,1,3,No,2,No
2151,34,Sales,Sales Executive,Female,Married,Bachelor's,16,9,64094,2,4,Yes,2,No
2152,32,IT,IT Support,Female,Married,PhD,5,25,47059,4,3,No,2,No
2153,28,IT,IT Support,Male,Married,Bachelor's,18,24,21947,1,1,No,2,No
2154,37,Sales,Sales Executive,Male,Single,Bachelor's,1,29,35828,4,3,No,1,No
2155,27,Sales,Sales Executive,Male,Married,Master's,14,13,53532,1,4,No,2,No
2156,50,Sales,Sales Executive,Female,Single,Master's,15,28,51073,3,3,Yes,2,No
2157,33,R&D,Research Scientist,Male,Single,Bachelor's,0,29,22780,4,4,Yes,1,No
2158,29,Finance,Financial Analyst,Female,Married,Bachelor's,9,20,45233,4,2,No,4,No
2159,27,Operations,Supervisor,Female,Married,High School,2,26,39405,4,2,No,1,No
2160,28,Operations,Supervisor,Male,Single,Master's,10,16,59399,1,3,No,3,No
2161,57,R&D,Lab Technician,Male,Married,Master's,3,11,57396,2,4,No,2,No
2162,34,Sales,Sales Manager,Female,Married,High School,12,7,46399,1,2,No,4,No
2163,26,Operations,Supervisor,Female,Married,Bachelor's,4,20,36559,2,3,Yes,4,No
2164,51,Operations,Supervisor,Male,Married,Bachelor's,5,24,36675,4,4,Yes,3,No
2165,22,Sales,Sales Manager,Male,Single,Master's,2,24,32554,3,2,Yes,1,Yes
2166,23,Sales,Sales Manager,Male,Single,Bachelor's,7,2,37551,4,4,No,3,No
2167,51,Finance,Financial Analyst,Male,Single,Bachelor's,16,12,56039,3,3,No,3,No
2168,53,Sales,Sales Executive,Male,Single,Master's,12,29,66353,3,4,Yes,1,No
2169,26,Operations,Supervisor,Male,Married,High School,16,14,58673,2,2,Yes,2,No
2170,43,R&D,Research Scientist,Male,Single,Master's,18,12,67401,4,4,No,2,No
2171,42,IT,Software Engineer,Male,Single,High School,14,3,38629,3,4,Yes,1,No
2172,35,R&D,Lab Technician,Female,Married,Bachelor's,14,11,41734,1,3,Yes,1,No
2173,50,Sales,Sales Manager,Male,Divorced,Master's,18,20,48281,1,1,No,1,No
2174,31,Sales,Sales Executive,Male,Divorced,Bachelor's,19,7,68750,4,1,No,4,No
2175,48,Finance,Accountant,Male,Single,Bachelor's,18,19,66701,4,4,Yes,2,No
2176,44,R&D,Lab Technician,Male,Single,Bachelor's,12,15,34394,4,1,Yes,3,No
2177,25,Operations,Supervisor,Male,Married,Bachelor's,6,27,65333,2,3,No,4,No
2178,23,Finance,Accountant,Female,Divorced,Bachelor's,7,6,74898,3,1,No,2,No
2179,55,R&D,Research Scientist,Male,Married,Bachelor's,0,9,53649,2,4,No,1,No
2180,29,IT,IT Support,Male,Married,Bachelor's,10,6,50870,2,2,Yes,1,Yes
2181,51,R&D,Research Scientist,Female,Single,Master's,7,19,39489,2,1,No,1,No
2182,45,R&D,Research Scientist,Male,Married,Bachelor's,18,13,39025,2,3,Yes,1,No
2183,37,IT,IT Support,Male,Single,Bachelor's,13,24,36379,1,4,Yes,2,Yes
2184,39,R&D,Lab Technician,Male,Single,PhD,2,18,43652,4,1,No,3,No
2185,23,Finance,Financial Analyst,Female,Single,Bachelor's,7,19,48537,1,1,Yes,3,No
2186,32,Finance,Accountant,Male,Married,Bachelor's,0,1,66261,3,1,No,1,No
2187,24,HR,HR Executive,Male,Single,PhD,8,15,16226,4,3,No,2,No
2188,29,Operations,Supervisor,Male,Single,Bachelor's,5,22,55299,2,4,Yes,2,Yes
2189,47,R&D,Lab Technician,Female,Married,Bachelor's,19,6,48628,4,2,No,4,No
2190,21,Operations,Supervisor,Female,Married,Bachelor's,1,13,34335,1,1,No,1,No
2191,44,Finance,Financial Analyst,Female,Married,Master's,2,1,50947,1,2,Yes,1,No
2192,33,R&D,Lab Technician,Male,Married,Bachelor's,2,20,48143,3,1,Yes,4,Yes
2193,31,Sales,Sales Executive,Male,Married,Bachelor's,16,29,48776,4,2,No,1,No
2194,54,Operations,Operations Executive,Female,Married,Bachelor's,13,16,50352,4,1,No,4,No
2195,31,Finance,Financial Analyst,Female,Married,Bachelor's,5,4,23398,3,3,No,2,No
2196,36,Sales,Sales Executive,Male,Married,Bachelor's,12,10,47400,3,4,No,3,No
2197,47,IT,Software Engineer,Male,Single,High School,18,2,57282,1,1,Yes,4,Yes
2198,22,R&D,Research Scientist,Male,Married,Bachelor's,19,21,36260,1,2,Yes,1,Yes
2199,36,IT,IT Support,Female,Married,Bachelor's,6,2,22876,3,4,No,2,No
2200,37,Sales,Sales Manager,Male,Married,Bachelor's,10,16,55148,4,4,No,4,No
